<?xml version="1.0" encoding="utf-8"?>
<COLLADA xmlns="http://www.collada.org/2005/11/COLLADASchema" version="1.4.1" xmlns:xsi="http://www.w3.org/2001/XMLSchema-instance">
  <asset>
    <contributor>
      <author>Blender User</author>
      <authoring_tool>Blender 4.5.3 LTS commit date:2025-09-08, commit time:12:46, hash:67807e1800cc</authoring_tool>
    </contributor>
    <created>2025-09-20T16:35:55</created>
    <modified>2025-09-20T16:35:55</modified>
    <unit name="meter" meter="1"/>
    <up_axis>Z_UP</up_axis>
  </asset>
  <library_effects>
    <effect id="mat_1-effect">
      <profile_COMMON>
        <technique sid="common">
          <lambert>
            <emission>
              <color sid="emission">0 0 0 1</color>
            </emission>
            <diffuse>
              <color sid="diffuse">0.59608 0.59608 0.59608 1</color>
            </diffuse>
            <index_of_refraction>
              <float sid="ior">1.5</float>
            </index_of_refraction>
          </lambert>
        </technique>
      </profile_COMMON>
    </effect>
  </library_effects>
  <library_images/>
  <library_materials>
    <material id="mat_1-material" name="mat_1">
      <instance_effect url="#mat_1-effect"/>
    </material>
  </library_materials>
  <library_geometries>
    <geometry id="geometry_07f642db_ce2a_4584_a1c5_17e585589d27-mesh" name="geometry_07f642db_ce2a_4584_a1c5_17e585589d27">
      <mesh>
        <source id="geometry_07f642db_ce2a_4584_a1c5_17e585589d27-mesh-positions">
          <float_array id="geometry_07f642db_ce2a_4584_a1c5_17e585589d27-mesh-positions-array" count="3396">-0.009963929 -8.79523e-4 0.01280128 -0.00999099 -4.55853e-4 0.007201313 -0.00999999 -3.14685e-5 0.01280128 -0.00999099 3.92976e-4 0.007201313 -0.009963929 8.16586e-4 0.01280128 -0.009918987 0.001238703 0.007201313 -0.009856104 0.001658558 0.01280128 -0.009775519 0.002075314 0.007201313 -0.00967729 0.002488315 0.01280128 -0.009561657 0.002896785 0.007201313 -0.009428739 0.003299951 0.01280128 -0.009278833 0.003697097 0.007201313 -0.009112238 0.004087567 0.01280128 -0.008929252 0.004470586 0.007201313 -0.008730113 0.004845499 0.01280128 -0.008515238 0.005211591 0.007201313 -0.008285045 0.005568265 0.01280128 -0.008039951 0.005914866 0.007201313 -0.007780313 0.006250739 0.01280128 -0.007506668 0.006575286 0.007201313 -0.007219552 0.006887912 0.01280128 -0.006919384 0.007188081 0.007201313 -0.006606698 0.007475256 0.01280128 -0.00628215 0.007748901 0.007201313 -0.005946278 0.00800848 0.01280128 -0.005599737 0.008253633 0.007201313 -0.005243062 0.008483827 0.01280128 -0.004876911 0.008698701 0.007201313 -0.004501998 0.008897781 0.01280128 -0.004118978 0.009080827 0.007201313 -0.003728508 0.009247422 0.01280128 -0.003331363 0.009397327 0.007201313 -0.002928197 0.009530186 0.01280128 -0.002519726 0.009645879 0.007201313 -0.002106785 0.009744107 0.01280128 -0.00168997 0.009824693 0.007201313 -0.001270174 0.009887516 0.01280128 -8.4806e-4 0.009932518 0.007201313 -4.24409e-4 0.009959518 0.01280128 0 0.009968519 0.007201313 4.24411e-4 0.009959518 0.01280128 8.4806e-4 0.009932518 0.007201313 0.001270174 0.009887516 0.01280128 0.00168997 0.009824693 0.007201313 0.002106785 0.009744107 0.01280128 0.002519726 0.009645879 0.007201313 0.002928197 0.009530186 0.01280128 0.003331363 0.009397327 0.007201313 0.003728508 0.009247422 0.01280128 0.004118978 0.009080827 0.007201313 0.004501998 0.008897781 0.01280128 0.004876911 0.008698701 0.007201313 0.005243062 0.008483827 0.01280128 0.005599737 0.008253633 0.007201313 0.005946278 0.00800848 0.01280128 0.00628215 0.007748901 0.007201313 0.006606698 0.007475256 0.01280128 0.006919384 0.007188081 0.007201313 0.007219552 0.006887912 0.01280128 0.007506668 0.006575286 0.007201313 0.007780313 0.006250739 0.01280128 0.008039951 0.005914866 0.007201313 0.008285045 0.005568265 0.01280128 0.008515238 0.005211591 0.007201313 0.008730113 0.004845499 0.01280128 0.008929252 0.004470586 0.007201313 0.009112238 0.004087567 0.01280128 0.009278833 0.003697097 0.007201313 0.009428739 0.003299951 0.01280128 0.009561657 0.002896785 0.007201313 0.00967729 0.002488315 0.01280128 0.009775519 0.002075314 0.007201313 0.009856104 0.001658558 0.01280128 0.009918987 0.001238703 0.007201313 0.009963929 8.16586e-4 0.01280128 0.00999099 3.92976e-4 0.007201313 0.00999999 -3.14685e-5 0.01280128 0.00999099 -4.55853e-4 0.007201313 0.009963929 -8.79523e-4 0.01280128 0.009918987 -0.001301586 0.007201313 0.009856104 -0.001721441 0.01280128 0.009775519 -0.002138197 0.007201313 0.00967729 -0.002551198 0.01280128 0.009561657 -0.002959609 0.007201313 0.009428739 -0.003362834 0.01280128 0.009278833 -0.00375998 0.007201313 0.009112238 -0.00415039 0.01280128 0.008929252 -0.004533469 0.007201313 0.008730113 -0.004908382 0.01280128 0.008515238 -0.005274474 0.007201313 0.008285045 -0.005631148 0.01280128 0.008039951 -0.005977749 0.007201313 0.007780313 -0.006313621 0.01280128 0.007506668 -0.006638169 0.007201313 0.007219552 -0.006950795 0.01280128 0.006919384 -0.007250964 0.007201313 0.006606698 -0.007538139 0.01280128 0.00628215 -0.007811784 0.007201313 0.005946278 -0.008071362 0.01280128 0.005599737 -0.008316516 0.007201313 0.005243062 -0.00854671 0.01280128 0.004876911 -0.008761525 0.007201313 0.004501998 -0.008960664 0.01280128 0.004118978 -0.00914371 0.007201313 0.003728508 -0.009310305 0.01280128 0.003331363 -0.00946021 0.007201313 0.002928197 -0.009593069 0.01280128 0.002519726 -0.009708762 0.007201313 0.002106785 -0.009806931 0.01280128 0.00168997 -0.009887576 0.007201313 0.001270174 -0.009950399 0.01280128 8.4806e-4 -0.0099954 0.007201313 4.24411e-4 -0.01002246 0.01280128 0 -0.01003146 0.007201313 -4.24409e-4 -0.01002246 0.01280128 -8.4806e-4 -0.0099954 0.007201313 -0.001270174 -0.009950399 0.01280128 -0.00168997 -0.009887576 0.007201313 -0.002106785 -0.009806931 0.01280128 -0.002519726 -0.009708762 0.007201313 -0.002928197 -0.009593069 0.01280128 -0.003331363 -0.00946021 0.007201313 -0.003728508 -0.009310305 0.01280128 -0.004118978 -0.00914371 0.007201313 -0.004501998 -0.008960664 0.01280128 -0.004876911 -0.008761525 0.007201313 -0.005243062 -0.00854671 0.01280128 -0.005599737 -0.008316516 0.007201313 -0.005946278 -0.008071362 0.01280128 -0.00628215 -0.007811784 0.007201313 -0.006606698 -0.007538139 0.01280128 -0.006919384 -0.007250964 0.007201313 -0.007219552 -0.006950795 0.01280128 -0.007506668 -0.006638169 0.007201313 -0.007780313 -0.006313621 0.01280128 -0.008039951 -0.005977749 0.007201313 -0.008285045 -0.005631148 0.01280128 -0.008515238 -0.005274474 0.007201313 -0.008730113 -0.004908382 0.01280128 -0.008929252 -0.004533469 0.007201313 -0.009112238 -0.00415039 0.01280128 -0.009278833 -0.00375998 0.007201313 -0.009428739 -0.003362834 0.01280128 -0.009561657 -0.002959609 0.007201313 -0.00967729 -0.002551198 0.01280128 -0.009775519 -0.002138197 0.007201313 -0.009856104 -0.001721441 0.01280128 -0.009918987 -0.001301586 0.007201313 0.01532745 0.002432584 0.006201267 0.01574999 -3.14685e-5 0.00469911 0.01574999 0.002468526 0.006201267 0.01453071 0.002151072 0.006201267 0.01491713 0.002325713 0.006201267 0.01387327 0.001620233 0.006201267 0.0141794 0.001913607 0.006201267 0.01343023 9.00689e-4 0.006201267 0.01362115 0.001279294 0.006201267 0.01325219 7.46278e-5 0.006201267 0.01330608 4.95258e-4 0.006201267 0.01335954 -7.63533e-4 0.006201267 0.01327019 -3.48982e-4 0.006201267 0.01374 -0.001518011 0.006201267 0.01351767 -0.001156926 0.006201267 0.01435005 -0.002102673 0.006201267 0.01402014 -0.001836299 0.006201267 0.01512002 -0.002450764 0.006201267 0.0147202 -0.002309501 0.006201267 0.015962 -0.002522408 0.006201267 0.01553797 -0.002522408 0.006201267 0.01677972 -0.002309501 0.006201267 0.01637989 -0.002450764 0.006201267 0.01747983 -0.001836299 0.006201267 0.01714992 -0.002102673 0.006201267 0.0179823 -0.001156926 0.006201267 0.01775997 -0.001518011 0.006201267 0.01822972 -3.48982e-4 0.006201267 0.01814037 -7.63533e-4 0.006201267 0.01819384 4.95258e-4 0.006201267 0.01824772 7.46278e-5 0.006201267 0.01787877 0.001279294 0.006201267 0.01806968 9.00689e-4 0.006201267 0.01762664 0.001620233 0.006201267 0.0169692 0.002151072 0.006201267 0.01732051 0.001913607 0.006201267 0.01617246 0.002432584 0.006201267 0.01658284 0.002325713 0.006201267 0.010751 0.0131697 0.002801239 0.01113688 0.01110547 0.001539468 0.01113688 0.01320546 0.002801239 0.0100314 0.01289093 0.002801239 0.0103783 0.01306366 0.002801239 0.009461045 0.012371 0.002801239 0.009722113 0.0126574 0.002801239 0.009257078 0.0120415 0.002801239 0.009045839 0.01129925 0.002801239 0.009117066 0.01168018 0.002801239 0.009117066 0.01053076 0.002801239 0.009045839 0.0109117 0.002801239 0.009461045 0.009839951 0.002801239 0.009257078 0.01016938 0.002801239 0.0100314 0.00932002 0.002801239 0.009722113 0.009553551 0.002801239 0.010751 0.009041249 0.002801239 0.0103783 0.009147286 0.002801239 0.01152276 0.009041249 0.002801239 0.01113688 0.009005486 0.002801239 0.01224243 0.00932002 0.002801239 0.01189553 0.009147286 0.002801239 0.01281273 0.009839951 0.002801239 0.01255166 0.009553551 0.002801239 0.01315677 0.01053076 0.002801239 0.01301676 0.01016938 0.002801239 0.01322793 0.01129925 0.002801239 0.01322793 0.0109117 0.002801239 0.01301676 0.0120415 0.002801239 0.01315677 0.01168018 0.002801239 0.01281273 0.012371 0.002801239 0.01224243 0.01289093 0.002801239 0.01255166 0.0126574 0.002801239 0.01152276 0.0131697 0.002801239 0.01189553 0.01306366 0.002801239 0.010751 -0.009104073 0.002801239 0.01113688 -0.01116842 0.001539468 0.01113688 -0.00906831 0.002801239 0.0100314 -0.009382903 0.002801239 0.0103783 -0.009210169 0.002801239 0.009461045 -0.009902834 0.002801239 0.009722113 -0.009616434 0.002801239 0.009257078 -0.01023232 0.002801239 0.009045839 -0.01097464 0.002801239 0.009117066 -0.01059371 0.002801239 0.009117066 -0.01174306 0.002801239 0.009045839 -0.01136213 0.002801239 0.009461045 -0.01243394 0.002801239 0.009257078 -0.01210445 0.002801239 0.0100314 -0.01295387 0.002801239 0.009722113 -0.01272034 0.002801239 0.010751 -0.01323264 0.002801239 0.0103783 -0.01312661 0.002801239 0.01152276 -0.01323264 0.002801239 0.01113688 -0.01326841 0.002801239 0.01224243 -0.01295387 0.002801239 0.01189553 -0.01312661 0.002801239 0.01281273 -0.01243394 0.002801239 0.01255166 -0.01272034 0.002801239 0.01315677 -0.01174306 0.002801239 0.01301676 -0.01210445 0.002801239 0.01322793 -0.01097464 0.002801239 0.01322793 -0.01136213 0.002801239 0.01301676 -0.01023232 0.002801239 0.01315677 -0.01059371 0.002801239 0.01281273 -0.009902834 0.002801239 0.01224243 -0.009382903 0.002801239 0.01255166 -0.009616434 0.002801239 0.01152276 -0.009104073 0.002801239 0.01189553 -0.009210169 0.002801239 -0.01152276 -0.009104073 0.002801239 -0.01113688 -0.01116842 0.001539468 -0.01113688 -0.00906831 0.002801239 -0.01224243 -0.009382903 0.002801239 -0.01189553 -0.009210169 0.002801239 -0.01281273 -0.009902834 0.002801239 -0.01255166 -0.009616434 0.002801239 -0.01301676 -0.01023232 0.002801239 -0.01322793 -0.01097464 0.002801239 -0.01315677 -0.01059371 0.002801239 -0.01315677 -0.01174306 0.002801239 -0.01322793 -0.01136213 0.002801239 -0.01281273 -0.01243394 0.002801239 -0.01301676 -0.01210445 0.002801239 -0.01224243 -0.01295387 0.002801239 -0.01255166 -0.01272034 0.002801239 -0.01152276 -0.01323264 0.002801239 -0.01189553 -0.01312661 0.002801239 -0.010751 -0.01323264 0.002801239 -0.01113688 -0.01326841 0.002801239 -0.0100314 -0.01295387 0.002801239 -0.0103783 -0.01312661 0.002801239 -0.009461045 -0.01243394 0.002801239 -0.009722113 -0.01272034 0.002801239 -0.009117066 -0.01174306 0.002801239 -0.009257078 -0.01210445 0.002801239 -0.009045839 -0.01097464 0.002801239 -0.009045839 -0.01136213 0.002801239 -0.009257078 -0.01023232 0.002801239 -0.009117066 -0.01059371 0.002801239 -0.009461045 -0.009902834 0.002801239 -0.0100314 -0.009382903 0.002801239 -0.009722113 -0.009616434 0.002801239 -0.010751 -0.009104073 0.002801239 -0.0103783 -0.009210169 0.002801239 -0.01152276 0.0131697 0.002801239 -0.01113688 0.01110547 0.001539468 -0.01113688 0.01320546 0.002801239 -0.01224243 0.01289093 0.002801239 -0.01189553 0.01306366 0.002801239 -0.01281273 0.012371 0.002801239 -0.01255166 0.0126574 0.002801239 -0.01301676 0.0120415 0.002801239 -0.01322793 0.01129925 0.002801239 -0.01315677 0.01168018 0.002801239 -0.01315677 0.01053076 0.002801239 -0.01322793 0.0109117 0.002801239 -0.01281273 0.009839951 0.002801239 -0.01301676 0.01016938 0.002801239 -0.01224243 0.00932002 0.002801239 -0.01255166 0.009553551 0.002801239 -0.01152276 0.009041249 0.002801239 -0.01189553 0.009147286 0.002801239 -0.010751 0.009041249 0.002801239 -0.01113688 0.009005486 0.002801239 -0.0100314 0.00932002 0.002801239 -0.0103783 0.009147286 0.002801239 -0.009461045 0.009839951 0.002801239 -0.009722113 0.009553551 0.002801239 -0.009117066 0.01053076 0.002801239 -0.009257078 0.01016938 0.002801239 -0.009045839 0.01129925 0.002801239 -0.009045839 0.0109117 0.002801239 -0.009257078 0.0120415 0.002801239 -0.009117066 0.01168018 0.002801239 -0.009461045 0.012371 0.002801239 -0.0100314 0.01289093 0.002801239 -0.009722113 0.0126574 0.002801239 -0.010751 0.0131697 0.002801239 -0.0103783 0.01306366 0.002801239 -0.01036351 8.38759e-4 0.01320129 -0.01039999 -3.14685e-5 0.01320129 -0.01036351 -9.01696e-4 0.01320129 -0.01025432 0.001702904 0.01320129 -0.01007324 0.002554893 0.01320129 -0.009821474 0.003388762 0.01320129 -0.009500861 0.00419861 0.01320129 -0.00911355 0.004978775 0.01320129 -0.008662343 0.005723834 0.01320129 -0.008150398 0.00642848 0.01320129 -0.007581233 0.007087826 0.01320129 -0.006958901 0.007697224 0.01320129 -0.006287813 0.008252441 0.01320129 -0.005572557 0.008749544 0.01320129 -0.00481826 0.009185075 0.01320129 -0.004030108 0.009555935 0.01320129 -0.003213763 0.009859502 0.01320129 -0.002374827 0.01009374 0.01320129 -0.001519203 0.01025694 0.01320129 -6.53019e-4 0.01034802 0.01320129 2.17801e-4 0.01036626 0.01320129 0.001087069 0.01031154 0.01320129 0.001948714 0.01018434 0.01320129 0.002796769 0.009985446 0.01320129 0.003625094 0.009716272 0.01320129 0.004428088 0.009378731 0.01320129 0.005199968 0.008975207 0.01320129 0.00593537 0.008508503 0.01320129 0.006629168 0.007981896 0.01320129 0.007276475 0.007399022 0.01320129 0.0078727 0.006764113 0.01320129 0.008413732 0.006081521 0.01320129 0.008895754 0.005356013 0.01320129 0.009315371 0.004592716 0.01320129 0.009669661 0.003797054 0.01320129 0.009956121 0.00297445 0.01320129 0.01017272 0.002130806 0.01320129 0.01031798 0.001272022 0.01320129 0.01039087 4.04063e-4 0.01320129 0.01039087 -4.67e-4 0.01320129 0.01031798 -0.001334846 0.01320129 0.01017272 -0.002193689 0.01320129 0.009956121 -0.003037333 0.01320129 0.009669661 -0.003859877 0.01320129 0.009315371 -0.004655599 0.01320129 0.008895754 -0.005418896 0.01320129 0.008413732 -0.006144344 0.01320129 0.0078727 -0.006826996 0.01320129 0.007276475 -0.007461905 0.01320129 0.006629168 -0.008044719 0.01320129 0.00593537 -0.008571386 0.01320129 0.005199968 -0.00903809 0.01320129 0.004428088 -0.009441614 0.01320129 0.003625094 -0.009779155 0.01320129 0.002796769 -0.01004832 0.01320129 0.001948714 -0.01024723 0.01320129 0.001087069 -0.01037448 0.01320129 2.17801e-4 -0.0104292 0.01320129 -6.53019e-4 -0.01041096 0.01320129 -0.001519203 -0.01031988 0.01320129 -0.002374827 -0.01015669 0.01320129 -0.003213763 -0.009922385 0.01320129 -0.004030108 -0.009618759 0.01320129 -0.00481826 -0.009247899 0.01320129 -0.005572557 -0.008812427 0.01320129 -0.006287813 -0.008315324 0.01320129 -0.006958901 -0.007760107 0.01320129 -0.007581233 -0.007150709 0.01320129 -0.008150398 -0.006491363 0.01320129 -0.008662343 -0.005786657 0.01320129 -0.00911355 -0.005041658 0.01320129 -0.009500861 -0.004261493 0.01320129 -0.009821474 -0.003451645 0.01320129 -0.01007324 -0.002617776 0.01320129 -0.01025432 -0.001765787 0.01320129 0.015962 0.002459526 0.01320129 0.01553797 0.002459526 0.01320129 0.01512002 0.002387881 0.01320129 0.0147202 0.002246618 0.01320129 0.01435005 0.00203979 0.01320129 0.01402014 0.001773416 0.01320129 0.01374 0.001455128 0.01320129 0.01351767 0.001094043 0.01320129 0.01335954 7.00596e-4 0.01320129 0.01327019 2.86105e-4 0.01320129 0.01325219 -1.37565e-4 0.01320129 0.01330608 -5.58135e-4 0.01320129 0.01343023 -9.63626e-4 0.01320129 0.01362115 -0.001342177 0.01320129 0.01387327 -0.001683115 0.01320129 0.0141794 -0.00197649 0.01320129 0.01453071 -0.002213954 0.01320129 0.01491713 -0.002388596 0.01320129 0.01532745 -0.002495467 0.01320129 0.01574999 -0.002531409 0.01320129 0.01617246 -0.002495467 0.01320129 0.01658284 -0.002388596 0.01320129 0.0169692 -0.002213954 0.01320129 0.01732051 -0.00197649 0.01320129 0.01762664 -0.001683115 0.01320129 0.01787877 -0.001342177 0.01320129 0.01806968 -9.63626e-4 0.01320129 0.01819384 -5.58135e-4 0.01320129 0.01824772 -1.37565e-4 0.01320129 0.01822972 2.86105e-4 0.01320129 0.01814037 7.00596e-4 0.01320129 0.0179823 0.001094043 0.01320129 0.01775997 0.001455128 0.01320129 0.01747983 0.001773416 0.01320129 0.01714992 0.00203979 0.01320129 0.01677972 0.002246618 0.01320129 0.01637989 0.002387881 0.01320129 0.01152276 0.0131697 0.008001267 0.01113688 0.01320546 0.008001267 0.010751 0.0131697 0.008001267 0.0103783 0.01306366 0.008001267 0.0100314 0.01289093 0.008001267 0.009722113 0.0126574 0.008001267 0.009461045 0.012371 0.008001267 0.009257078 0.0120415 0.008001267 0.009117066 0.01168018 0.008001267 0.009045839 0.01129925 0.008001267 0.009045839 0.0109117 0.008001267 0.009117066 0.01053076 0.008001267 0.009257078 0.01016938 0.008001267 0.009461045 0.009839951 0.008001267 0.009722113 0.009553551 0.008001267 0.0100314 0.00932002 0.008001267 0.0103783 0.009147286 0.008001267 0.010751 0.009041249 0.008001267 0.01113688 0.009005486 0.008001267 0.01152276 0.009041249 0.008001267 0.01189553 0.009147286 0.008001267 0.01224243 0.00932002 0.008001267 0.01255166 0.009553551 0.008001267 0.01281273 0.009839951 0.008001267 0.01301676 0.01016938 0.008001267 0.01315677 0.01053076 0.008001267 0.01322793 0.0109117 0.008001267 0.01322793 0.01129925 0.008001267 0.01315677 0.01168018 0.008001267 0.01301676 0.0120415 0.008001267 0.01281273 0.012371 0.008001267 0.01255166 0.0126574 0.008001267 0.01224243 0.01289093 0.008001267 0.01189553 0.01306366 0.008001267 0.01152276 0.009041249 0.01320129 0.01113688 0.009005486 0.01320129 0.010751 0.009041249 0.01320129 0.0103783 0.009147286 0.01320129 0.0100314 0.00932002 0.01320129 0.009722113 0.009553551 0.01320129 0.009461045 0.009839951 0.01320129 0.009257078 0.01016938 0.01320129 0.009117066 0.01053076 0.01320129 0.009045839 0.0109117 0.01320129 0.009045839 0.01129925 0.01320129 0.009117066 0.01168018 0.01320129 0.009257078 0.0120415 0.01320129 0.009461045 0.012371 0.01320129 0.009722113 0.0126574 0.01320129 0.0100314 0.01289093 0.01320129 0.0103783 0.01306366 0.01320129 0.010751 0.0131697 0.01320129 0.01113688 0.01320546 0.01320129 0.01152276 0.0131697 0.01320129 0.01189553 0.01306366 0.01320129 0.01224243 0.01289093 0.01320129 0.01255166 0.0126574 0.01320129 0.01281273 0.012371 0.01320129 0.01301676 0.0120415 0.01320129 0.01315677 0.01168018 0.01320129 0.01322793 0.01129925 0.01320129 0.01322793 0.0109117 0.01320129 0.01315677 0.01053076 0.01320129 0.01301676 0.01016938 0.01320129 0.01281273 0.009839951 0.01320129 0.01255166 0.009553551 0.01320129 0.01224243 0.00932002 0.01320129 0.01189553 0.009147286 0.01320129 0.01152276 -0.009104073 0.008001267 0.01113688 -0.00906831 0.008001267 0.010751 -0.009104073 0.008001267 0.0103783 -0.009210169 0.008001267 0.0100314 -0.009382903 0.008001267 0.009722113 -0.009616434 0.008001267 0.009461045 -0.009902834 0.008001267 0.009257078 -0.01023232 0.008001267 0.009117066 -0.01059371 0.008001267 0.009045839 -0.01097464 0.008001267 0.009045839 -0.01136213 0.008001267 0.009117066 -0.01174306 0.008001267 0.009257078 -0.01210445 0.008001267 0.009461045 -0.01243394 0.008001267 0.009722113 -0.01272034 0.008001267 0.0100314 -0.01295387 0.008001267 0.0103783 -0.01312661 0.008001267 0.010751 -0.01323264 0.008001267 0.01113688 -0.01326841 0.008001267 0.01152276 -0.01323264 0.008001267 0.01189553 -0.01312661 0.008001267 0.01224243 -0.01295387 0.008001267 0.01255166 -0.01272034 0.008001267 0.01281273 -0.01243394 0.008001267 0.01301676 -0.01210445 0.008001267 0.01315677 -0.01174306 0.008001267 0.01322793 -0.01136213 0.008001267 0.01322793 -0.01097464 0.008001267 0.01315677 -0.01059371 0.008001267 0.01301676 -0.01023232 0.008001267 0.01281273 -0.009902834 0.008001267 0.01255166 -0.009616434 0.008001267 0.01224243 -0.009382903 0.008001267 0.01189553 -0.009210169 0.008001267 0.01152276 -0.01323264 0.01320129 0.01113688 -0.01326841 0.01320129 0.010751 -0.01323264 0.01320129 0.0103783 -0.01312661 0.01320129 0.0100314 -0.01295387 0.01320129 0.009722113 -0.01272034 0.01320129 0.009461045 -0.01243394 0.01320129 0.009257078 -0.01210445 0.01320129 0.009117066 -0.01174306 0.01320129 0.009045839 -0.01136213 0.01320129 0.009045839 -0.01097464 0.01320129 0.009117066 -0.01059371 0.01320129 0.009257078 -0.01023232 0.01320129 0.009461045 -0.009902834 0.01320129 0.009722113 -0.009616434 0.01320129 0.0100314 -0.009382903 0.01320129 0.0103783 -0.009210169 0.01320129 0.010751 -0.009104073 0.01320129 0.01113688 -0.00906831 0.01320129 0.01152276 -0.009104073 0.01320129 0.01189553 -0.009210169 0.01320129 0.01224243 -0.009382903 0.01320129 0.01255166 -0.009616434 0.01320129 0.01281273 -0.009902834 0.01320129 0.01301676 -0.01023232 0.01320129 0.01315677 -0.01059371 0.01320129 0.01322793 -0.01097464 0.01320129 0.01322793 -0.01136213 0.01320129 0.01315677 -0.01174306 0.01320129 0.01301676 -0.01210445 0.01320129 0.01281273 -0.01243394 0.01320129 0.01255166 -0.01272034 0.01320129 0.01224243 -0.01295387 0.01320129 0.01189553 -0.01312661 0.01320129 -0.010751 -0.009104073 0.008001267 -0.01113688 -0.00906831 0.008001267 -0.01152276 -0.009104073 0.008001267 -0.01189553 -0.009210169 0.008001267 -0.01224243 -0.009382903 0.008001267 -0.01255166 -0.009616434 0.008001267 -0.01281273 -0.009902834 0.008001267 -0.01301676 -0.01023232 0.008001267 -0.01315677 -0.01059371 0.008001267 -0.01322793 -0.01097464 0.008001267 -0.01322793 -0.01136213 0.008001267 -0.01315677 -0.01174306 0.008001267 -0.01301676 -0.01210445 0.008001267 -0.01281273 -0.01243394 0.008001267 -0.01255166 -0.01272034 0.008001267 -0.01224243 -0.01295387 0.008001267 -0.01189553 -0.01312661 0.008001267 -0.01152276 -0.01323264 0.008001267 -0.01113688 -0.01326841 0.008001267 -0.010751 -0.01323264 0.008001267 -0.0103783 -0.01312661 0.008001267 -0.0100314 -0.01295387 0.008001267 -0.009722113 -0.01272034 0.008001267 -0.009461045 -0.01243394 0.008001267 -0.009257078 -0.01210445 0.008001267 -0.009117066 -0.01174306 0.008001267 -0.009045839 -0.01136213 0.008001267 -0.009045839 -0.01097464 0.008001267 -0.009117066 -0.01059371 0.008001267 -0.009257078 -0.01023232 0.008001267 -0.009461045 -0.009902834 0.008001267 -0.009722113 -0.009616434 0.008001267 -0.0100314 -0.009382903 0.008001267 -0.0103783 -0.009210169 0.008001267 -0.010751 -0.01323264 0.01320129 -0.01113688 -0.01326841 0.01320129 -0.01152276 -0.01323264 0.01320129 -0.01189553 -0.01312661 0.01320129 -0.01224243 -0.01295387 0.01320129 -0.01255166 -0.01272034 0.01320129 -0.01281273 -0.01243394 0.01320129 -0.01301676 -0.01210445 0.01320129 -0.01315677 -0.01174306 0.01320129 -0.01322793 -0.01136213 0.01320129 -0.01322793 -0.01097464 0.01320129 -0.01315677 -0.01059371 0.01320129 -0.01301676 -0.01023232 0.01320129 -0.01281273 -0.009902834 0.01320129 -0.01255166 -0.009616434 0.01320129 -0.01224243 -0.009382903 0.01320129 -0.01189553 -0.009210169 0.01320129 -0.01152276 -0.009104073 0.01320129 -0.01113688 -0.00906831 0.01320129 -0.010751 -0.009104073 0.01320129 -0.0103783 -0.009210169 0.01320129 -0.0100314 -0.009382903 0.01320129 -0.009722113 -0.009616434 0.01320129 -0.009461045 -0.009902834 0.01320129 -0.009257078 -0.01023232 0.01320129 -0.009117066 -0.01059371 0.01320129 -0.009045839 -0.01097464 0.01320129 -0.009045839 -0.01136213 0.01320129 -0.009117066 -0.01174306 0.01320129 -0.009257078 -0.01210445 0.01320129 -0.009461045 -0.01243394 0.01320129 -0.009722113 -0.01272034 0.01320129 -0.0100314 -0.01295387 0.01320129 -0.0103783 -0.01312661 0.01320129 -0.010751 0.0131697 0.008001267 -0.01113688 0.01320546 0.008001267 -0.01152276 0.0131697 0.008001267 -0.01189553 0.01306366 0.008001267 -0.01224243 0.01289093 0.008001267 -0.01255166 0.0126574 0.008001267 -0.01281273 0.012371 0.008001267 -0.01301676 0.0120415 0.008001267 -0.01315677 0.01168018 0.008001267 -0.01322793 0.01129925 0.008001267 -0.01322793 0.0109117 0.008001267 -0.01315677 0.01053076 0.008001267 -0.01301676 0.01016938 0.008001267 -0.01281273 0.009839951 0.008001267 -0.01255166 0.009553551 0.008001267 -0.01224243 0.00932002 0.008001267 -0.01189553 0.009147286 0.008001267 -0.01152276 0.009041249 0.008001267 -0.01113688 0.009005486 0.008001267 -0.010751 0.009041249 0.008001267 -0.0103783 0.009147286 0.008001267 -0.0100314 0.00932002 0.008001267 -0.009722113 0.009553551 0.008001267 -0.009461045 0.009839951 0.008001267 -0.009257078 0.01016938 0.008001267 -0.009117066 0.01053076 0.008001267 -0.009045839 0.0109117 0.008001267 -0.009045839 0.01129925 0.008001267 -0.009117066 0.01168018 0.008001267 -0.009257078 0.0120415 0.008001267 -0.009461045 0.012371 0.008001267 -0.009722113 0.0126574 0.008001267 -0.0100314 0.01289093 0.008001267 -0.0103783 0.01306366 0.008001267 -0.010751 0.009041249 0.01320129 -0.01113688 0.009005486 0.01320129 -0.01152276 0.009041249 0.01320129 -0.01189553 0.009147286 0.01320129 -0.01224243 0.00932002 0.01320129 -0.01255166 0.009553551 0.01320129 -0.01281273 0.009839951 0.01320129 -0.01301676 0.01016938 0.01320129 -0.01315677 0.01053076 0.01320129 -0.01322793 0.0109117 0.01320129 -0.01322793 0.01129925 0.01320129 -0.01315677 0.01168018 0.01320129 -0.01301676 0.0120415 0.01320129 -0.01281273 0.012371 0.01320129 -0.01255166 0.0126574 0.01320129 -0.01224243 0.01289093 0.01320129 -0.01189553 0.01306366 0.01320129 -0.01152276 0.0131697 0.01320129 -0.01113688 0.01320546 0.01320129 -0.010751 0.0131697 0.01320129 -0.0103783 0.01306366 0.01320129 -0.0100314 0.01289093 0.01320129 -0.009722113 0.0126574 0.01320129 -0.009461045 0.012371 0.01320129 -0.009257078 0.0120415 0.01320129 -0.009117066 0.01168018 0.01320129 -0.009045839 0.01129925 0.01320129 -0.009045839 0.0109117 0.01320129 -0.009117066 0.01053076 0.01320129 -0.009257078 0.01016938 0.01320129 -0.009461045 0.009839951 0.01320129 -0.009722113 0.009553551 0.01320129 -0.0100314 0.00932002 0.01320129 -0.0103783 0.009147286 0.01320129 -4.99999e-4 0.01996231 0.01280128 -0.001708269 0.01989543 0.01280128 -4.99999e-4 0.0197215 0.01304191 -0.001493096 0.01951158 0.01320129 -2.98899e-4 0.01956623 0.01320129 -0.002681732 0.0193842 0.01320129 -0.002910315 0.01975566 0.01280128 -0.003860354 0.01918458 0.01320129 -0.004101693 0.0195434 0.01280128 -0.005024671 0.0189135 0.01320129 -0.00527811 0.01925951 0.01280128 -0.006170272 0.01857197 0.01320129 -0.006435155 0.01890498 0.01280128 -0.007292985 0.01816117 0.01320129 -0.007568657 0.01848113 0.01280128 -0.008388519 0.01768273 0.01320129 -0.008674383 0.01798945 0.01280128 -0.009452819 0.01713836 0.01320129 -0.009748458 0.01743185 0.01280128 -0.01048201 0.01653015 0.01320129 -0.01078677 0.01681029 0.01280128 -0.01147216 0.01586031 0.01320129 -0.01178562 0.0161271 0.01280128 -0.01241964 0.01513135 0.01320129 -0.01274126 0.01538473 0.01280128 -0.01332092 0.014346 0.01320129 -0.01365035 0.01458591 0.01280128 -0.01417267 0.01350718 0.01320129 -0.01450937 0.01373356 0.01280128 -0.01497167 0.012618 0.01320129 -0.01531535 0.01283085 0.01280128 -0.015715 0.01168173 0.01320129 -0.01606523 0.01188105 0.01280128 -0.0163998 0.01070189 0.01320129 -0.01675629 0.01088762 0.01280128 -0.01702368 0.009682118 0.01320129 -0.01738601 0.009854197 0.01280128 -0.0175842 0.008626222 0.01320129 -0.01795202 0.008784592 0.01280128 -0.01807928 0.007538139 0.01320129 -0.0184524 0.00768274 0.01280128 -0.01850712 0.006421864 0.01320129 -0.01888513 0.006552636 0.01280128 -0.01924878 0.005398392 0.01280128 -0.01886612 0.005281567 0.01320129 -0.01954191 0.0042243 0.01280128 -0.01915496 0.004121541 0.01320129 -0.01976352 0.003034591 0.01280128 -0.01937252 0.002946019 0.01320129 -0.01991283 0.001833677 0.01280128 -0.01951795 0.001759469 0.01320129 -0.01998919 6.25971e-4 0.01280128 -0.01959085 5.66247e-4 0.01320129 -0.01999235 -5.84182e-4 0.01280128 -0.01959085 -6.29184e-4 0.01320129 -0.01992231 -0.001792252 0.01280128 -0.01951795 -0.001822352 0.01320129 -0.01977932 -0.002993941 0.01280128 -0.01937252 -0.003008902 0.01320129 -0.01956397 -0.004184782 0.01280128 -0.01915496 -0.004184424 0.01320129 -0.01927697 -0.005360364 0.01280128 -0.01886612 -0.00534445 0.01320129 -0.01891934 -0.006516516 0.01280128 -0.01850712 -0.006484746 0.01320129 -0.01849251 -0.007648885 0.01280128 -0.01807928 -0.007600963 0.01320129 -0.01799798 -0.008753359 0.01280128 -0.0175842 -0.008689105 0.01320129 -0.01743751 -0.009825885 0.01280128 -0.01702368 -0.009745001 0.01320129 -0.01681321 -0.01086264 0.01280128 -0.0163998 -0.01076483 0.01320129 -0.0161274 -0.01185965 0.01280128 -0.015715 -0.01174467 0.01320129 -0.01538252 -0.01281338 0.01280128 -0.01497167 -0.01268088 0.01320129 -0.01458132 -0.01372033 0.01280128 -0.01417267 -0.01357012 0.01320129 -0.01372671 -0.01457715 0.01280128 -0.01332092 -0.01440894 0.01320129 -0.01282185 -0.01538074 0.01280128 -0.01241964 -0.01519429 0.01320129 -0.01187008 -0.01612806 0.01280128 -0.01147216 -0.01592326 0.01320129 -0.0108748 -0.01681649 0.01280128 -0.01048201 -0.01659309 0.01320129 -0.009839773 -0.01744347 0.01280128 -0.009452819 -0.0172013 0.01320129 -0.008768677 -0.01800674 0.01280128 -0.008388519 -0.01774567 0.01320129 -0.007665455 -0.01850414 0.01280128 -0.007292985 -0.01822412 0.01320129 -0.006534218 -0.01893395 0.01280128 -0.006170272 -0.01863485 0.01320129 -0.005379021 -0.0192945 0.01280128 -0.005024671 -0.01897644 0.01320129 -0.004204154 -0.01958459 0.01280128 -0.003860354 -0.01924753 0.01320129 -0.003013908 -0.01980304 0.01280128 -0.002681732 -0.01944714 0.01320129 -0.001812577 -0.01994913 0.01280128 -0.001493096 -0.01957452 0.01320129 -6.04699e-4 -0.02002233 0.01280128 -2.98899e-4 -0.01962918 0.01320129 6.05451e-4 -0.02002227 0.01280128 8.96411e-4 -0.01961094 0.01320129 0.001813352 -0.01994907 0.01280128 0.002088367 -0.01951986 0.01320129 0.003014624 -0.01980292 0.01280128 0.003272593 -0.01935631 0.01320129 0.004204928 -0.01958441 0.01280128 0.004444599 -0.01912087 0.01320129 0.005379736 -0.01929432 0.01280128 0.005600094 -0.01881438 0.01320129 0.006534934 -0.01893371 0.01280128 0.006734788 -0.01843804 0.01320129 0.00766617 -0.01850384 0.01280128 0.007844388 -0.01799321 0.01320129 0.008769333 -0.01800638 0.01280128 0.008924841 -0.01748162 0.01320129 0.009840428 -0.01744312 0.01280128 0.009972035 -0.01690506 0.01320129 0.01087546 -0.01681607 0.01280128 0.01098215 -0.01626574 0.01320129 0.01187068 -0.01612764 0.01280128 0.01195144 -0.01556599 0.01320129 0.01282244 -0.0153802 0.01280128 0.01287627 -0.01480853 0.01320129 0.01372724 -0.01457661 0.01280128 0.01375317 -0.01399606 0.01320129 0.01458179 -0.01371979 0.01280128 0.01457893 -0.01313161 0.01320129 0.015383 -0.01281285 0.01280128 0.01535046 -0.01221847 0.01320129 0.01612782 -0.01185905 0.01280128 0.01606488 -0.01125997 0.01320129 0.01681363 -0.01086199 0.01280128 0.01671952 -0.01025968 0.01320129 0.01743787 -0.009825229 0.01280128 0.01731199 -0.009221315 0.01320129 0.01799827 -0.008752644 0.01280128 0.01784002 -0.008148789 0.01320129 0.01849281 -0.007648169 0.01280128 0.01830172 -0.007046103 0.01320129 0.01891958 -0.0065158 0.01280128 0.01869535 -0.00591731 0.01320129 0.01927715 -0.005359649 0.01280128 0.01901936 -0.004766643 0.01320129 0.01956409 -0.004184007 0.01280128 0.01927268 -0.003598332 0.01320129 0.01977944 -0.002993166 0.01280128 0.0194543 -0.002416729 0.01320129 0.01992237 -0.001791536 0.01280128 0.01956349 -0.001226305 0.01320129 0.01999235 -5.83467e-4 0.01280128 0.01959997 -3.14685e-5 0.01320129 0.01998913 6.26686e-4 0.01280128 0.01956349 0.001163423 0.01320129 0.01991271 0.001834452 0.01280128 0.0194543 0.002353847 0.01320129 0.01976346 0.003035366 0.01280128 0.01927268 0.003535449 0.01320129 0.0195418 0.004225015 0.01280128 0.01901936 0.00470376 0.01320129 0.0192486 0.005399107 0.01280128 0.01869535 0.005854427 0.01320129 0.01888489 0.006553292 0.01280128 0.01830172 0.00698322 0.01320129 0.0184521 0.007683396 0.01280128 0.01784002 0.008085966 0.01320129 0.01795172 0.008785247 0.01280128 0.01731199 0.009158432 0.01320129 0.0173856 0.009854853 0.01280128 0.01671952 0.01019674 0.01320129 0.01675587 0.01088821 0.01280128 0.01606488 0.01119703 0.01320129 0.01606476 0.01188164 0.01280128 0.01535046 0.01215553 0.01320129 0.01531487 0.01283144 0.01280128 0.01457893 0.01306867 0.01320129 0.0145089 0.0137341 0.01280128 0.01375317 0.01393312 0.01320129 0.01364982 0.01458638 0.01280128 0.01287627 0.01474559 0.01320129 0.01274073 0.01538521 0.01280128 0.01195144 0.0155031 0.01320129 0.01178503 0.01612752 0.01280128 0.01098215 0.0162028 0.01320129 0.01078611 0.01681071 0.01280128 0.009972035 0.01684212 0.01320129 0.009747803 0.01743221 0.01280128 0.008924841 0.01741868 0.01320129 0.008673727 0.01798981 0.01280128 0.007844388 0.01793032 0.01320129 0.007567942 0.01848137 0.01280128 0.006734788 0.01837509 0.01320129 0.00643444 0.01890522 0.01280128 0.005600094 0.01875144 0.01320129 0.005277335 0.01925969 0.01280128 0.004444599 0.01905792 0.01320129 0.004100978 0.01954358 0.01280128 0.003272593 0.01929336 0.01320129 0.0029096 0.01975578 0.01280128 0.002088367 0.01945698 0.01320129 0.001707553 0.01989549 0.01280128 8.96411e-4 0.01954799 0.01320129 4.99251e-4 0.01996231 0.01280128 4.99251e-4 0.0197215 0.01304197 -0.00120753 0.01993203 6.01318e-4 -5e-4 0.01996231 0.009201288 0 0.0199685 6.01318e-4 -1.6693e-4 0.01996785 0.009201288 1.6618e-4 0.01996785 0.009201288 -0.002410709 0.01982271 6.01318e-4 -0.003605067 0.01964092 6.01318e-4 -0.004786252 0.01938736 6.01318e-4 -0.005950033 0.01906293 6.01318e-4 -0.007092058 0.01866883 6.01318e-4 -0.008208215 0.01820653 6.01318e-4 -0.00929445 0.01767766 6.01318e-4 -0.01034671 0.01708418 6.01318e-4 -0.0113613 0.01642823 6.01319e-4 -0.01233434 0.0157122 6.01319e-4 -0.01326245 0.01493877 6.01319e-4 -0.01414209 0.01411068 6.01319e-4 -0.01497018 0.01323097 6.01319e-4 -0.01574367 0.01230293 6.01319e-4 -0.01645964 0.01132982 6.01319e-4 -0.01711559 0.01031529 6.01319e-4 -0.01770907 0.009262979 6.01319e-4 -0.01823794 0.008176803 6.01319e-4 -0.0187003 0.007060647 6.01319e-4 -0.0190944 0.005918622 6.01319e-4 -0.01941883 0.004754841 6.01319e-4 -0.01967239 0.003573656 6.01319e-4 -0.01985412 0.002379238 6.01319e-4 -0.0199635 0.001176118 6.01319e-4 -0.01999998 -3.14685e-5 6.01319e-4 -0.0199635 -0.001239001 6.01319e-4 -0.01985412 -0.002442121 6.01319e-4 -0.01967239 -0.003636479 6.01319e-4 -0.01941883 -0.004817724 6.01319e-4 -0.0190944 -0.005981445 6.01319e-4 -0.0187003 -0.007123529 6.01319e-4 -0.01823794 -0.008239686 6.01319e-4 -0.01770907 -0.009325861 6.01319e-4 -0.01711559 -0.01037824 6.01319e-4 -0.01645964 -0.01139277 6.01319e-4 -0.01574367 -0.01236581 6.01319e-4 -0.01497018 -0.01329392 6.01319e-4 -0.01414209 -0.01417362 6.01319e-4 -0.01326245 -0.01500165 6.01319e-4 -0.01233434 -0.01577514 6.01319e-4 -0.0113613 -0.01649111 6.01319e-4 -0.01034671 -0.01714706 6.01318e-4 -0.00929445 -0.0177406 6.01318e-4 -0.008208215 -0.01826947 6.01318e-4 -0.007092058 -0.01873177 6.01318e-4 -0.005950033 -0.01912587 6.01318e-4 -0.004786252 -0.0194503 6.01318e-4 -0.003605067 -0.01970386 6.01318e-4 -0.002410709 -0.01988565 6.01318e-4 -0.00120753 -0.01999497 6.01318e-4 0 -0.02003145 6.01318e-4 0.00120753 -0.01999497 6.01318e-4 0.002410709 -0.01988565 6.01318e-4 0.003605067 -0.01970386 6.01318e-4 0.004786252 -0.0194503 6.01318e-4 0.005950033 -0.01912587 6.01318e-4 0.007092058 -0.01873177 6.01318e-4 0.008208215 -0.01826947 6.01318e-4 0.00929445 -0.0177406 6.01318e-4 0.01034671 -0.01714706 6.01318e-4 0.0113613 -0.01649111 6.01317e-4 0.01233434 -0.01577514 6.01317e-4 0.01326245 -0.01500165 6.01317e-4 0.01414209 -0.01417362 6.01317e-4 0.01497018 -0.01329392 6.01317e-4 0.01574367 -0.01236581 6.01317e-4 0.01645964 -0.01139277 6.01317e-4 0.01711559 -0.01037824 6.01317e-4 0.01770907 -0.009325861 6.01317e-4 0.01823794 -0.008239686 6.01317e-4 0.0187003 -0.007123529 6.01317e-4 0.0190944 -0.005981445 6.01317e-4 0.01941883 -0.004817724 6.01317e-4 0.01967239 -0.003636479 6.01317e-4 0.01985412 -0.002442121 6.01317e-4 0.0199635 -0.001239001 6.01317e-4 0.01999998 -3.14685e-5 6.01317e-4 0.0199635 0.001176118 6.01317e-4 0.01985412 0.002379238 6.01317e-4 0.01967239 0.003573656 6.01317e-4 0.01941883 0.004754841 6.01317e-4 0.0190944 0.005918622 6.01317e-4 0.0187003 0.007060647 6.01317e-4 0.01823794 0.008176803 6.01317e-4 0.01770907 0.009262979 6.01317e-4 0.01711559 0.01031529 6.01317e-4 0.01645964 0.01132982 6.01317e-4 0.01574367 0.01230293 6.01317e-4 0.01497018 0.01323097 6.01317e-4 0.01414209 0.01411068 6.01317e-4 0.01326245 0.01493877 6.01317e-4 0.01233434 0.0157122 6.01317e-4 0.0113613 0.01642823 6.01317e-4 0.01034671 0.01708418 6.01318e-4 0.00929445 0.01767766 6.01318e-4 0.008208215 0.01820653 6.01318e-4 0.007092058 0.01866883 6.01318e-4 0.005950033 0.01906293 6.01318e-4 0.004786252 0.01938736 6.01318e-4 0.003605067 0.01964092 6.01318e-4 0.002410709 0.01982271 6.01318e-4 0.00120753 0.01993203 6.01318e-4 4.9925e-4 0.01996231 0.009201288 5.9772e-4 0.01955944 2.01341e-4 -5.9772e-4 0.01955944 2.01341e-4 -0.00179094 0.01948654 2.01341e-4 -0.00297749 0.01934105 2.01341e-4 -0.004152953 0.01912349 2.01341e-4 -0.005313038 0.01883471 2.01341e-4 -0.006453275 0.01847571 2.01341e-4 -0.007569551 0.01804786 2.01341e-4 -0.008657634 0.01755273 2.01341e-4 -0.00971359 0.01699221 2.01341e-4 -0.0107333 0.01636838 2.01342e-4 -0.01171314 0.01568353 2.01342e-4 -0.01264941 0.0149402 2.01342e-4 -0.01353859 0.0141412 2.01342e-4 -0.01437747 0.01328951 2.01342e-4 -0.01516282 0.01238816 2.01342e-4 -0.01589179 0.01144069 2.01342e-4 -0.01656162 0.01045054 2.01342e-4 -0.01716983 0.009421408 2.01342e-4 -0.01771414 0.008357048 2.01342e-4 -0.01819258 0.007261514 2.01342e-4 -0.01860338 0.006138861 2.01342e-4 -0.01894497 0.004993259 2.01342e-4 -0.01921606 0.003828942 2.01342e-4 -0.01941561 0.00265026 2.01342e-4 -0.01954305 0.001461625 2.01342e-4 -0.0195977 2.67449e-4 2.01342e-4 -0.01957947 -9.27863e-4 2.01342e-4 -0.01948839 -0.002119779 2.01342e-4 -0.01932483 -0.003304004 2.01342e-4 -0.0190894 -0.00447601 2.01342e-4 -0.01878291 -0.005631506 2.01342e-4 -0.01840656 -0.0067662 2.01342e-4 -0.01796174 -0.0078758 2.01342e-4 -0.01745009 -0.008956253 2.01342e-4 -0.01687353 -0.0100035 2.01342e-4 -0.01623421 -0.01101368 2.01342e-4 -0.01553452 -0.01198291 2.01342e-4 -0.014777 -0.01290774 2.01342e-4 -0.01396453 -0.0137847 2.01342e-4 -0.01310008 -0.0146104 2.01342e-4 -0.01218694 -0.01538193 2.01342e-4 -0.01122844 -0.01609635 2.01342e-4 -0.01022821 -0.01675099 2.01342e-4 -0.009189903 -0.01734346 2.01341e-4 -0.008117377 -0.01787149 2.01341e-4 -0.007014691 -0.01833319 2.01341e-4 -0.005885899 -0.01872682 2.01341e-4 -0.004735171 -0.01905089 2.01341e-4 -0.003566861 -0.01930415 2.01341e-4 -0.002385318 -0.01948577 2.01341e-4 -0.001194834 -0.01959502 2.01341e-4 0 -0.01963144 2.01341e-4 0.001194834 -0.01959502 2.01341e-4 0.002385318 -0.01948577 2.01341e-4 0.003566861 -0.01930415 2.01341e-4 0.004735171 -0.01905089 2.01341e-4 0.005885899 -0.01872682 2.01341e-4 0.007014691 -0.01833319 2.01341e-4 0.008117377 -0.01787149 2.01341e-4 0.009189903 -0.01734346 2.01341e-4 0.01022821 -0.01675099 2.01341e-4 0.01122844 -0.01609635 2.01341e-4 0.01218694 -0.01538193 2.01341e-4 0.01310008 -0.0146104 2.0134e-4 0.01396453 -0.0137847 2.0134e-4 0.014777 -0.01290774 2.0134e-4 0.01553452 -0.01198291 2.0134e-4 0.01623421 -0.01101368 2.0134e-4 0.01687353 -0.0100035 2.0134e-4 0.01745009 -0.008956253 2.0134e-4 0.01796174 -0.0078758 2.0134e-4 0.01840656 -0.0067662 2.0134e-4 0.01878291 -0.005631506 2.0134e-4 0.0190894 -0.00447601 2.0134e-4 0.01932483 -0.003304004 2.0134e-4 0.01948839 -0.002119779 2.0134e-4 0.01957947 -9.27863e-4 2.0134e-4 0.0195977 2.67449e-4 2.0134e-4 0.01954305 0.001461625 2.0134e-4 0.01941561 0.00265026 2.0134e-4 0.01921606 0.003828942 2.0134e-4 0.01894497 0.004993259 2.0134e-4 0.01860338 0.006138861 2.0134e-4 0.01819258 0.007261514 2.0134e-4 0.01771414 0.008357048 2.0134e-4 0.01716983 0.009421408 2.0134e-4 0.01656162 0.01045054 2.0134e-4 0.01589179 0.01144069 2.0134e-4 0.01516282 0.01238816 2.0134e-4 0.01437747 0.01328951 2.0134e-4 0.01353859 0.0141412 2.0134e-4 0.01264941 0.0149402 2.01341e-4 0.01171314 0.01568353 2.01341e-4 0.0107333 0.01636838 2.01341e-4 0.00971359 0.01699221 2.01341e-4 0.008657634 0.01755273 2.01341e-4 0.007569551 0.01804786 2.01341e-4 0.006453275 0.01847571 2.01341e-4 0.005313038 0.01883471 2.01341e-4 0.004152953 0.01912349 2.01341e-4 0.00297749 0.01934105 2.01341e-4 0.00179094 0.01948654 2.01341e-4 4.9925e-4 0.0197215 0.009201288 -5e-4 0.0197215 0.009201288</float_array>
          <technique_common>
            <accessor source="#geometry_07f642db_ce2a_4584_a1c5_17e585589d27-mesh-positions-array" count="1132" stride="3">
              <param name="X" type="float"/>
              <param name="Y" type="float"/>
              <param name="Z" type="float"/>
            </accessor>
          </technique_common>
        </source>
        <source id="geometry_07f642db_ce2a_4584_a1c5_17e585589d27-mesh-normals">
          <float_array id="geometry_07f642db_ce2a_4584_a1c5_17e585589d27-mesh-normals-array" count="6153">0.999098 0.0424354 -0.00160861 0.9999988 0 0.001608669 0.999098 -0.0424354 -0.001609027 0.9963956 -0.08481419 0.001609742 0.9918993 -0.1270169 -0.001607537 0.9856149 -0.1689992 0.001610338 0.9775529 -0.2106842 -0.001607835 0.9677358 -0.2519621 0.00160861 0.9561656 -0.2928223 -0.001610636 0.9428723 -0.3331506 0.001608431 0.9278879 -0.3728559 -0.001608312 0.9112316 -0.4118913 0.001608908 0.8929255 -0.4502019 -0.001609623 0.8730024 -0.4877135 0.00161004 0.8515202 -0.5243195 -0.001607298 0.8285142 -0.559966 0.00160861 0.8040061 -0.5946189 -0.001609146 0.7780343 -0.6282197 0.001609861 0.7506621 -0.6606846 -0.001609385 0.7219476 -0.6919459 0.001608192 0.6919464 -0.7219472 -0.001607954 0.6606889 -0.7506582 0.001609265 0.6281983 -0.7780516 -0.001612186 0.5946289 -0.8039988 0.00160396 0.5599949 -0.8284946 -0.001611649 0.5243258 -0.8515163 0.001606404 0.4876849 -0.8730182 -0.001613795 0.4501849 -0.892934 0.001604914 0.4119064 -0.9112247 -0.001611471 0.3728692 -0.9278826 0.001606047 0.3331289 -0.9428799 -0.001613736 0.2928174 -0.9561671 0.001603364 0.2520161 -0.9677218 -0.001610994 0.2106618 -0.9775577 0.001611411 0.1689521 -0.9856231 -0.001609146 0.127028 -0.9918979 0.001604139 0.08482545 -0.9963945 -0.001612722 0.04241293 -0.9990989 0.001608729 0 -0.9999988 -0.001607179 -0.04241293 -0.999099 0.001608312 -0.08482545 -0.9963945 -0.001612901 -0.1270279 -0.991898 0.001604139 -0.1689521 -0.985623 -0.001608908 -0.2106618 -0.9775577 0.001611053 -0.252016 -0.9677218 -0.001610994 -0.2928177 -0.956167 0.001603364 -0.3331288 -0.94288 -0.001613795 -0.3728689 -0.9278827 0.001606047 -0.4119064 -0.9112247 -0.001611471 -0.4501849 -0.892934 0.001604914 -0.4876849 -0.8730182 -0.001613795 -0.5243258 -0.8515163 0.001606404 -0.5599956 -0.828494 -0.001611649 -0.5946282 -0.8039993 0.00160396 -0.6281982 -0.7780517 -0.001612186 -0.6606883 -0.7506588 0.001609265 -0.6919471 -0.7219465 -0.001607954 -0.7219469 -0.6919466 0.001608192 -0.750662 -0.6606846 -0.001609385 -0.7780359 -0.6282178 0.001609861 -0.8040038 -0.5946218 -0.001608908 -0.8285149 -0.5599648 0.001608908 -0.8515202 -0.5243195 -0.001607 -0.8730037 -0.4877111 0.001610279 -0.8929249 -0.4502031 -0.001609325 -0.9112318 -0.4118912 0.001609206 -0.9278874 -0.3728572 -0.001608014 -0.9428713 -0.3331533 0.001608729 -0.9561664 -0.2928194 -0.001610279 -0.9677358 -0.2519621 0.001608967 -0.9775535 -0.2106813 -0.001607537 -0.985615 -0.1689991 0.001610636 -0.991899 -0.1270199 -0.001607239 -0.9963953 -0.08481723 0.0016101 -0.9990981 -0.04243385 -0.001608729 -0.9999988 0 0.001609027 -0.9990981 0.04243385 -0.001608252 -0.9963958 0.08481127 0.001610577 -0.991899 0.1270199 -0.001607239 -0.985615 0.1689991 0.001610636 -0.9775535 0.2106813 -0.001607537 -0.9677313 0.2519792 0.001610279 -0.9561664 0.2928194 -0.001607179 -0.9428791 0.3331313 0.001610517 -0.9278777 0.3728815 -0.001609981 -0.9112318 0.4118912 0.001604855 -0.892939 0.4501748 -0.001611709 -0.8730037 0.4877111 0.001610279 -0.8515202 0.5243195 -0.00160712 -0.8285149 0.5599648 0.001608908 -0.8040038 0.5946218 -0.001608908 -0.7780359 0.6282178 0.001609981 -0.7506621 0.6606846 -0.001609325 -0.7219469 0.6919466 0.001608192 -0.6919472 0.7219465 -0.001607954 -0.6606883 0.7506588 0.001609444 -0.6281983 0.7780516 -0.001612186 -0.5946282 0.8039993 0.00160396 -0.5599956 0.828494 -0.001611649 -0.5242748 0.8515476 0.001611053 -0.487685 0.8730183 -0.001604616 -0.4502407 0.8929059 0.001609623 -0.4119064 0.9112247 -0.001611292 -0.3728689 0.9278827 0.001605868 -0.3331287 0.94288 -0.001613736 -0.2928177 0.956167 0.001603364 -0.2519503 0.9677389 -0.001616179 -0.2106618 0.9775577 0.001600682 -0.1690204 0.9856112 -0.001614093 -0.1270279 0.991898 0.001604139 -0.08482545 0.9963945 -0.001612901 -0.04274821 0.9990847 0.001612126 -0.04274821 0.9990847 0.001608312 -0.04274821 0.9990847 0.001612126 0 0.9999988 -0.001607 0.04274821 0.9990846 0.001612484 0.04274821 0.9990846 0.001612544 0.04274821 0.9990846 0.001612544 0.08482545 0.9963945 -0.001612722 0.127028 0.9918979 0.001604497 0.1690202 0.9856113 -0.001614272 0.2106618 0.9775577 0.001600682 0.2519504 0.9677388 -0.001616179 0.2928174 0.9561671 0.001603364 0.333129 0.9428799 -0.001613914 0.3728692 0.9278826 0.001606047 0.4119064 0.9112247 -0.001611292 0.4502407 0.8929059 0.001609623 0.487685 0.8730183 -0.001604616 0.5242748 0.8515477 0.001611053 0.5599949 0.8284946 -0.001611649 0.5946289 0.8039988 0.00160396 0.6281982 0.7780517 -0.001612186 0.6606889 0.7506582 0.001609444 0.6919463 0.7219473 -0.001607954 0.7219476 0.6919459 0.001608192 0.750662 0.6606846 -0.001609265 0.7780343 0.6282197 0.001609861 0.8040061 0.5946189 -0.001609146 0.8285142 0.559966 0.00160849 0.8515202 0.5243195 -0.001607358 0.8730024 0.4877135 0.00161004 0.8929396 0.4501736 -0.001612007 0.9112316 0.4118913 0.001604557 0.9278782 0.3728802 -0.001610338 0.9428801 0.3331286 0.001610219 0.9561656 0.2928223 -0.001607477 0.9677313 0.2519792 0.001609981 0.9775529 0.2106842 -0.001607835 0.9856149 0.1689992 0.001610338 0.9918993 0.1270169 -0.001607537 0.996396 0.08480823 0.001610219 0.04377138 -0.5145475 0.856344 0.2126896 -0.4705713 0.8563445 0.3573035 -0.372839 0.8563442 0.4611066 -0.2324956 0.8563449 0.5122227 -0.06559008 0.8563446 0.5048179 0.1087809 0.8563444 0.4397388 0.2707444 0.8563453 0.3244084 0.4017882 0.8563443 0.1720398 0.486902 0.8563462 0 0.5164052 0.8563444 -0.1720358 0.4869024 0.8563467 -0.3244084 0.4017912 0.8563428 -0.4401607 0.2706351 0.8561631 -0.4401607 0.2706351 0.8561631 -0.5048183 0.1087839 0.8563437 -0.5122227 -0.06559014 0.8563446 -0.4611067 -0.2324956 0.8563448 -0.4151974 -0.3070614 0.8563436 -0.2891916 -0.4278348 0.8563444 -0.13015 -0.4997361 0.8563439 0.08724999 0.5089803 0.8563448 0.2518745 0.450815 0.8563441 0.3876441 0.3411841 0.8563444 0.4791632 0.1925566 0.8563438 0.5159397 0.02192509 0.8563444 0.4937661 -0.1512242 0.8563447 0.4151986 -0.3070582 0.8563443 0.2891908 -0.4278365 0.8563438 0.1301501 -0.4997339 0.8563451 -0.04377144 -0.5145454 0.8563453 -0.2126903 -0.4705697 0.8563452 -0.3573028 -0.3728382 0.8563449 -0.493766 -0.1512243 0.8563449 -0.5159399 0.02192509 0.8563441 -0.4791663 0.192546 0.8563445 -0.3876442 0.3411843 0.8563442 -0.2518731 0.4508152 0.8563445 -0.08725249 0.5089772 0.8563465 0.0476799 -0.5144526 0.8561923 0.2302907 -0.4624917 0.8561937 0.3818251 -0.3480554 0.8561934 0.439273 -0.2719803 0.8561927 0.5078573 -0.09494018 0.8561936 0.5078573 0.09494018 0.8561936 0.4392477 0.272014 0.856195 0.3113507 0.4123007 0.8561945 0.1413691 0.4969367 0.8561944 -0.04767858 0.5144515 0.8561931 -0.2302902 0.4624909 0.8561942 -0.3818168 0.3480632 0.8561939 -0.4817637 0.1866365 0.8561954 -0.5166547 0 0.8561939 -0.4817548 -0.1866639 0.8561946 -0.439279 -0.2719688 0.8561934 -0.3113522 -0.4122988 0.8561948 -0.1413723 -0.4969384 0.8561928 0.0476799 0.5144522 0.8561925 0.2302902 0.4624918 0.8561938 0.3818251 0.3480554 0.8561934 0.4817696 0.1866235 0.8561949 0.5166547 0 0.8561939 0.4817609 -0.1866509 0.8561939 0.3113512 -0.4123014 0.856194 0.1413691 -0.4969367 0.8561944 -0.04767858 -0.5144515 0.8561931 -0.2302905 -0.4624925 0.8561933 -0.3818168 -0.3480632 0.8561939 -0.5075737 -0.09489351 0.8563669 -0.5075733 -0.09489679 0.8563668 -0.5075737 -0.09489351 0.8563669 -0.5078598 0.09492337 0.8561939 -0.4392539 0.2720025 0.8561955 -0.3113517 0.4122982 0.8561953 -0.1413724 0.4969388 0.8561925 0.04767888 -0.5144416 0.8561989 0.230291 -0.4624925 0.8561932 0.4392477 -0.272014 0.856195 0.5078606 0.09494084 0.8561915 0.4392714 0.2719794 0.8561939 0.3113496 0.4122993 0.8561955 0.1413688 0.4969359 0.8561949 -0.2302907 0.4624917 0.8561937 -0.4817681 0.1866383 0.8561926 -0.5166542 0 0.8561942 -0.4817635 -0.1866365 0.8561956 -0.4392553 -0.2720034 0.8561945 -0.3113517 -0.4122982 0.8561953 -0.1414448 -0.4969128 0.8561957 0.0476799 0.5144526 0.8561923 0.2302905 0.4624925 0.8561933 0.3818264 0.3480566 0.8561924 0.4817744 0.1866253 0.8561919 0.5166543 0 0.8561942 0.4817714 -0.1866241 0.8561938 0.3113507 -0.4123007 0.8561945 0.1414415 -0.4969111 0.8561973 -0.04767757 -0.5144405 0.8561997 -0.2302902 -0.4624918 0.8561938 -0.507572 -0.09489321 0.8563679 -0.5075716 -0.09489649 0.8563678 -0.507572 -0.09489321 0.8563679 -0.5078615 0.09492367 0.856193 -0.4392778 0.2719678 0.8561943 -0.3113512 0.4122974 0.8561958 -0.1413723 0.4969384 0.8561928 0.04767757 -0.5144405 0.8561997 0.3818163 -0.3480633 0.856194 0.4392543 -0.2720024 0.8561954 0.5078582 -0.09492307 0.856195 0.5078614 0.09492367 0.856193 0.4392778 0.2719678 0.8561943 0.3113512 0.4122974 0.8561958 0.1413723 0.4969384 0.8561928 -0.0476799 0.5144526 0.8561923 -0.230291 0.4624925 0.8561932 -0.381826 0.3480567 0.8561925 -0.4817742 0.1866253 0.856192 -0.4817712 -0.1866241 0.8561939 -0.4392479 -0.272014 0.856195 -0.3113507 -0.4123007 0.8561945 -0.1414405 -0.4969107 0.8561977 0.04767858 0.5144515 0.8561931 0.2302907 0.4624917 0.8561937 0.3818163 0.3480633 0.856194 0.4817683 0.1866383 0.8561925 0.5166542 0 0.8561942 0.4817637 -0.1866365 0.8561954 0.3113517 -0.4122982 0.8561953 0.1414438 -0.4969128 0.8561958 -0.04767888 -0.5144416 0.8561989 -0.230291 -0.4624925 0.8561932 -0.3818247 -0.3480556 0.8561936 -0.5078572 -0.09494018 0.8561936 -0.5078606 0.09494084 0.8561915 -0.4392716 0.2719794 0.8561937 -0.3113496 0.4122993 0.8561955 -0.1413689 0.4969363 0.8561946 0.04767858 -0.5144515 0.8561931 0.4392792 -0.2719687 0.8561933 0.5078598 -0.09492337 0.8561939 0.5078597 0.09492337 0.856194 0.4392541 0.2720024 0.8561954 0.3113517 0.4122982 0.8561953 -0.0476799 0.5144522 0.8561925 -0.3818253 0.3480561 0.856193 -0.4817698 0.1866235 0.8561948 -0.5166547 0 0.8561939 -0.4817609 -0.1866509 0.8561939 -0.439273 -0.2719803 0.8561927 -0.3113517 -0.412302 0.8561935 -0.1413691 -0.4969367 0.8561944 0.2302902 0.4624909 0.8561942 0.4817635 0.1866365 0.8561956 0.5166547 0 0.8561939 0.4817548 -0.1866639 0.8561946 0.1413723 -0.4969384 0.8561928 -0.0476799 -0.5144526 0.8561923 -0.2302907 -0.4624917 0.8561937 -0.5078573 0.09494018 0.8561936 -0.439248 0.2720139 0.8561948 -0.3113507 0.4123007 0.8561945 -0.1413691 0.4969367 0.8561944 0.7063344 -0.0300008 0.7072423 0.7067758 -0.0296204 0.7068173 0.7067757 0.0296204 0.7068173 0.7022306 -0.08871519 0.7064006 0.7008256 -0.08974522 0.7076647 0.6927454 -0.1472432 0.7059911 0.6902838 -0.1487691 0.7080791 0.6783607 -0.2048097 0.7056059 0.6747995 -0.2066557 0.7084766 0.6592006 -0.260993 0.7052215 0.654482 -0.2629928 0.708864 0.6353777 -0.3154065 0.7048503 0.6294904 -0.3173797 0.7092334 0.6070684 -0.3676436 0.7044901 0.599971 -0.3694315 0.7096163 0.5744274 -0.4173593 0.7041622 0.5662252 -0.418765 0.7099472 0.5377622 -0.4641905 0.7038033 0.5283982 -0.4650628 0.7102901 0.4972541 -0.5077911 0.7034819 0.4868504 -0.5079584 0.7106019 0.4532414 -0.5478624 0.7031494 0.4417839 -0.5471706 0.7109369 0.4059584 -0.5840952 0.7028732 0.393657 -0.5823995 0.7112279 0.3558256 -0.6162726 0.7025641 0.34267 -0.6134237 0.7115398 0.3031039 -0.6441246 0.7023046 0.2893099 -0.6400144 0.7118155 0.2482062 -0.6675012 0.7020227 0.2338981 -0.6620227 0.7120517 0.1915967 -0.6861822 0.7017441 0.1768862 -0.6792263 0.7122941 0.1335332 -0.7000787 0.701469 0.1185408 -0.6915394 0.7125457 0.07454431 -0.7089929 0.7012648 0.05949389 -0.6988438 0.7127959 0.01493239 -0.7129598 0.7010459 0 -0.7011517 0.7130122 -0.0448125 -0.711928 0.7008213 -0.05945849 -0.6984283 0.7132058 -0.1042003 -0.7058787 0.7006266 -0.118391 -0.6906656 0.7134177 -0.1629829 -0.6948664 0.7004265 -0.1765497 -0.6779337 0.7136078 -0.2206144 -0.6789368 0.7002672 -0.2333169 -0.6603772 0.7137683 -0.2767212 -0.6582708 0.7000749 -0.2884307 -0.6380656 0.7139188 -0.33119 -0.6328117 0.6999019 -0.33119 -0.6328117 0.6999019 -0.33119 -0.6328117 0.6999018 -0.3414142 -0.6111723 0.7140762 -0.3827692 -0.6031591 0.6997763 -0.3919491 -0.5798746 0.7142279 -0.4319638 -0.5691002 0.6996659 -0.4396061 -0.54447 0.7143521 -0.4781979 -0.5310455 0.6995123 -0.4841598 -0.5051512 0.7144311 -0.521004 -0.4892821 0.6993983 -0.5251517 -0.4622046 0.7145507 -0.560198 -0.4440191 0.6993035 -0.562386 -0.4159274 0.7146513 -0.595461 -0.3956116 0.6992265 -0.5955645 -0.3667182 0.7147173 -0.6265645 -0.3444427 0.6991253 -0.6244774 -0.3148522 0.71477 -0.6532285 -0.2908592 0.6990662 -0.6488493 -0.2607313 0.7148523 -0.6753317 -0.2351557 0.6990201 -0.668595 -0.2047556 0.7148817 -0.6926826 -0.1778507 0.6989706 -0.6835178 -0.1473128 0.7149143 -0.7051627 -0.1192747 0.6989415 -0.6935194 -0.08880776 0.7149435 -0.7126845 -0.05985075 0.6989268 -0.6985374 -0.02966976 0.7149583 -0.715194 0 0.698926 -0.6985374 0.02966976 0.7149583 -0.7126849 0.05985516 0.6989261 -0.6935279 0.08880835 0.7149351 -0.705167 0.1192675 0.6989384 -0.6835179 0.1473129 0.7149141 -0.6926826 0.1778507 0.6989708 -0.668595 0.2047556 0.7148817 -0.675336 0.235174 0.6990097 -0.6488528 0.2607523 0.7148415 -0.6532251 0.2908361 0.6990789 -0.6244749 0.3148264 0.7147835 -0.6265644 0.3444432 0.6991252 -0.5955641 0.3667179 0.7147178 -0.5954608 0.3956437 0.6992086 -0.5624108 0.4159458 0.7146211 -0.5602265 0.4440039 0.6992903 -0.5251517 0.4622046 0.7145507 -0.5210043 0.4892824 0.6993979 -0.4841605 0.5051519 0.7144301 -0.4781875 0.5310884 0.6994869 -0.439632 0.5445021 0.7143118 -0.4320033 0.5690891 0.6996505 -0.3919491 0.5798746 0.7142279 -0.3827685 0.6031588 0.6997769 -0.3414146 0.611173 0.7140753 -0.3308851 0.6329508 0.6999203 -0.2884311 0.6380665 0.7139179 -0.2767202 0.6582704 0.7000758 -0.2333166 0.6603763 0.7137693 -0.2205804 0.6789841 0.7002321 -0.176512 0.6779797 0.7135736 -0.1626703 0.6948259 0.7005394 -0.1626703 0.694826 0.7005394 -0.1626703 0.6948259 0.7005394 -0.118443 0.6906725 0.7134023 -0.1042478 0.7058848 0.7006134 -0.05945837 0.6984265 0.7132077 -0.0448125 0.7119284 0.7008208 0 0.7011536 0.7130103 0.01493245 0.7129617 0.701044 0.05949372 0.6988419 0.7127977 0.07454431 0.7089929 0.7012648 0.1185865 0.6915206 0.7125564 0.1335251 0.7000265 0.7015227 0.1768293 0.6791996 0.7123337 0.1915966 0.6861817 0.7017445 0.2338978 0.6620219 0.7120527 0.2482626 0.6675228 0.7019822 0.2893301 0.640059 0.7117673 0.3031232 0.6441676 0.7022567 0.342692 0.6134631 0.7114951 0.3557924 0.6163003 0.7025566 0.393657 0.5823995 0.7112279 0.4059595 0.5840954 0.7028724 0.4417839 0.5471706 0.7109369 0.4532399 0.5478629 0.70315 0.486851 0.507959 0.710601 0.4972544 0.5077905 0.703482 0.5283989 0.4650635 0.7102891 0.5377631 0.4641896 0.7038033 0.5662252 0.418765 0.7099472 0.5744676 0.4173521 0.7041336 0.5999939 0.3694456 0.7095896 0.6070594 0.3676661 0.704486 0.6294988 0.3173592 0.7092351 0.635356 0.3153963 0.7048745 0.6544578 0.2630029 0.7088826 0.6591999 0.2609933 0.705222 0.6747994 0.2066556 0.7084767 0.6783604 0.2048099 0.7056063 0.6902837 0.1487691 0.7080792 0.6927449 0.1472432 0.7059915 0.7008256 0.08974522 0.7076647 0.7022304 0.08871519 0.7064008 0.7063344 0.0300008 0.7072423 -0.08476257 -0.9964004 0.001286089 0 -0.9999992 -0.001285731 0.08476257 -0.9964004 0.001286089 0.1686285 -0.9856789 -0.001295745 0.1686285 -0.9856789 -0.001295745 0.1686285 -0.9856789 -0.001295745 0.2520318 -0.9677182 0.00128901 0.3331482 -0.9428737 -0.001282811 0.4118674 -0.9112429 0.001288652 0.4877437 -0.872986 -0.00128746 0.5600077 -0.8284864 0.001285254 0.6282035 -0.7780481 -0.001286029 0.6919057 -0.7219867 0.001286268 0.750658 -0.6606898 -0.001287519 0.8040167 -0.5946055 0.001287162 0.8515377 -0.5242919 -0.001285731 0.8929159 -0.4502219 0.001286149 0.9278805 -0.3728755 -0.001286983 0.956161 -0.292839 0.001286268 0.9774531 -0.2111485 -0.001303732 0.9774532 -0.2111485 -0.001303791 0.9774531 -0.2111485 -0.001303791 0.9919006 -0.1270108 0.001286387 0.999098 -0.04244434 -0.001286804 0.9990978 0.0424503 0.001286745 0.9918982 0.1270285 -0.001286089 0.9775605 0.2106512 0.00128591 0.956173 0.2927997 -0.001287758 0.9278806 0.3728753 0.001286745 0.8929158 0.450222 -0.001286387 0.8515378 0.5242919 0.001285493 0.8040167 0.5946055 -0.0012874 0.7506581 0.6606897 0.001287341 0.6919057 0.7219868 -0.001286447 0.6282037 0.7780479 0.00128591 0.5600075 0.8284866 -0.001285433 0.4877437 0.872986 0.001287341 0.4118673 0.911243 -0.001288771 0.3331483 0.9428736 0.001282751 0.251707 0.9678027 -0.00129038 0.2517071 0.9678027 -0.001290321 0.2517071 0.9678027 -0.001290321 0.1689592 0.9856223 0.001287102 0.08442825 0.9964288 -0.001292109 0.08442825 0.9964288 -0.001292049 0.08442825 0.9964288 -0.001292109 0 0.9999992 0.001285791 -0.08442819 0.9964288 -0.001292049 -0.08442825 0.9964288 -0.001292109 -0.08442825 0.9964288 -0.001292109 -0.1689632 0.9856216 0.001287281 -0.2517059 0.967803 -0.00129044 -0.2517059 0.967803 -0.001288712 -0.2517059 0.967803 -0.00129038 -0.3331421 0.9428758 0.001283049 -0.4118655 0.9112438 -0.001288771 -0.4877458 0.8729848 0.001287341 -0.5600076 0.8284866 -0.001285433 -0.628206 0.778046 0.001285851 -0.6919034 0.7219889 -0.001286387 -0.7506582 0.6606897 0.001287519 -0.8040167 0.5946054 -0.001287221 -0.8515289 0.5243061 0.001285076 -0.8929158 0.4502218 -0.00128746 -0.9278857 0.3728626 0.001286208 -0.9561757 0.2927907 -0.001287758 -0.9775615 0.2106466 0.001286089 -0.9918977 0.1270333 -0.001285851 -0.9990978 0.04245036 0.001286923 -0.999098 -0.04244434 -0.001286745 -0.9918999 -0.1270157 0.001286387 -0.9775552 -0.2106755 -0.001286983 -0.9561637 -0.2928301 0.001286566 -0.9278857 -0.3728627 -0.001286208 -0.8929158 -0.450222 0.0012874 -0.8515291 -0.524306 -0.001285076 -0.8040167 -0.5946055 0.001287221 -0.750658 -0.6606897 -0.001287519 -0.6919032 -0.7219892 0.001286387 -0.6282061 -0.778046 -0.001285791 -0.5600076 -0.8284865 0.001285433 -0.4877459 -0.8729848 -0.0012874 -0.4118655 -0.9112438 0.001288771 -0.3331422 -0.9428758 -0.001283049 -0.2520306 -0.9677185 0.001288652 -0.1689632 -0.9856216 -0.001287281 -0.09228289 -0.9957329 0 0.09228587 -0.9957326 0 0.09228557 -0.9957326 0 0.273622 -0.9618373 0 0.2736214 -0.9618375 0 0.4457374 -0.8951638 0 0.4457345 -0.8951653 0 0.6026295 -0.7980213 0 0.6026259 -0.7980239 0 0.7390346 -0.6736675 0 0.7390328 -0.6736695 0 0.8502227 -0.5264232 0 0.8502212 -0.5264258 0 0.9324606 -0.3612718 0 0.932463 -0.3612655 0 0.9829723 -0.1837542 0 0.9829723 -0.1837542 0 1 0 0 0.9829723 0.1837542 0 0.9829723 0.1837542 0 0.9324831 0.3612137 0 0.9324806 0.3612201 0 0.8501785 0.5264946 0 0.8501802 0.526492 0 0.7390328 0.6736695 0 0.7390346 0.6736676 0 0.602626 0.7980238 0 0.6026293 0.7980213 0 0.4457345 0.8951653 0 0.4457373 0.8951638 0 0.27316 0.9619687 0 0.27316 0.9619687 0 0.27316 0.9619687 0 0.2740834 0.9617059 0 0.2740834 0.9617059 0 0.2740834 0.9617059 0 0.09228557 0.9957326 0 0.09228587 0.9957326 0 -0.09228289 0.9957329 0 -0.2740898 0.9617041 0 -0.2740898 0.9617041 0 -0.2740898 0.9617041 0 -0.2731686 0.9619662 0 -0.2731686 0.9619662 0 -0.2731686 0.9619662 0 -0.4457344 0.8951653 0 -0.4457345 0.8951653 0 -0.6028989 0.7978177 0 -0.6028989 0.7978177 0 -0.6028989 0.7978177 0 -0.6026275 0.7980226 0 -0.739022 0.6736814 0 -0.7390183 0.6736853 0 -0.850193 0.5264712 0 -0.8501898 0.5264764 0 -0.9324721 0.3612421 0 -0.9829769 0.1837298 0 -0.9829781 0.1837228 0 -1 0 0 -0.9829782 -0.1837228 0 -0.9829769 -0.1837298 0 -0.9324521 -0.3612939 0 -0.932452 -0.3612939 0 -0.8502324 -0.5264075 0 -0.8502356 -0.5264024 0 -0.7390184 -0.6736853 0 -0.739248 -0.6734333 0 -0.739248 -0.6734333 0 -0.739248 -0.6734333 0 -0.6026276 -0.7980226 0 -0.602631 -0.7980201 0 -0.4457344 -0.8951653 0 -0.4457345 -0.8951653 0 -0.2736297 -0.9618352 0 -0.2736288 -0.9618355 0 0.2739439 0.9617457 0 0.2739439 0.9617457 0 0.2739439 0.9617457 0 0.2732981 0.9619294 0 0.2732982 0.9619295 0 0.2732982 0.9619295 0 0.4457374 0.8951638 -2.25667e-7 0.4457359 0.8951646 0 0.6028954 0.7978203 -2.41823e-7 0.6028954 0.7978203 -2.2759e-7 0.6028954 0.7978203 -2.25669e-7 0.6026259 0.7980239 0 0.7390347 0.6736674 0 0.7390346 0.6736676 -2.25662e-7 0.8501785 0.5264946 -2.25687e-7 0.8501818 0.5264894 -2.25688e-7 0.9324806 0.3612201 0 0.9324806 0.36122 -2.25652e-7 0.9829729 0.1837508 -1.69247e-7 0.9829716 0.1837576 -1.69247e-7 1 0 -1.79101e-7 1 0 -1.79101e-7 0.9829716 -0.1837577 -2.25662e-7 0.982973 -0.1837506 0 0.9324606 -0.3612717 0 0.9324605 -0.3612719 -2.25684e-7 0.8502243 -0.5264206 -2.25659e-7 0.8502212 -0.5264257 -2.25658e-7 0.7390347 -0.6736674 0 0.7390346 -0.6736676 -2.25662e-7 0.6026259 -0.7980238 -4.51336e-7 0.6026276 -0.7980226 4.51338e-7 0.4457359 -0.8951645 -4.51332e-7 0.4457373 -0.8951638 0 0.2736212 -0.9618376 4.51326e-7 0.2736209 -0.9618377 -4.51326e-7 -0.2736297 -0.9618352 0 -0.4457373 -0.8951638 4.51333e-7 -0.6026276 -0.7980225 0 -0.6026311 -0.79802 0 -0.7390184 -0.6736853 2.25657e-7 -0.7390184 -0.6736853 0 -0.8502324 -0.5264075 2.25661e-7 -0.8502356 -0.5264023 2.25662e-7 -0.932452 -0.3612939 2.25682e-7 -0.9324545 -0.3612875 0 -0.9829755 -0.1837368 1.69247e-7 -0.9829768 -0.1837298 1.69248e-7 -1 0 1.79101e-7 -0.9829769 0.1837298 1.69248e-7 -0.9829756 0.1837368 1.69247e-7 -0.9324746 0.3612357 0 -0.9324721 0.3612421 2.2565e-7 -0.8501931 0.5264711 2.25691e-7 -0.8501898 0.5264765 2.25691e-7 -0.7390184 0.6736853 0 -0.7390184 0.6736853 2.25657e-7 -0.6026312 0.7980199 2.2567e-7 -0.6026276 0.7980226 0 -0.4457373 0.8951638 0 -0.4457345 0.8951653 2.25665e-7 -0.2731686 0.9619662 0 -0.2731686 0.9619662 0 -0.2740907 0.9617038 0 -0.2740908 0.9617038 0 -0.2740908 0.9617038 0 0.2733033 -0.961928 0 0.2733033 -0.961928 0 0.2733033 -0.961928 6.03514e-7 0.2733027 -0.9619282 0 0.2733026 -0.9619282 0 0.2733026 -0.9619282 0 0.6028972 -0.797819 0 0.6028972 -0.797819 0 0.6028972 -0.797819 0 0.8501801 -0.526492 0 0.8501785 -0.5264946 0 0.9324806 -0.36122 0 0.9324831 -0.3612138 0 0.8502212 0.5264258 0 0.8502227 0.5264232 0 0.2736212 0.9618376 0 0.2736223 0.9618372 0 -0.2736287 0.9618355 0 -0.2736297 0.9618352 0 -0.6026311 0.7980199 0 -0.8502356 0.5264023 0 -0.8502324 0.5264076 0 -0.9324721 -0.3612421 0 -0.8501898 -0.5264764 0 -0.8501931 -0.5264712 0 -0.739022 -0.6736814 0 -0.2733108 -0.9619258 0 -0.2733109 -0.9619258 0 -0.2733108 -0.9619258 0 -0.27331 -0.9619261 0 -0.27331 -0.9619261 -5.3288e-7 -0.27331 -0.9619261 0 0.2736212 0.9618376 0 0.2736209 0.9618377 0 0.4457374 0.8951638 -4.51333e-7 0.4457359 0.8951646 4.51332e-7 0.6026276 0.7980225 0 0.6026259 0.7980239 -4.51336e-7 0.8502212 0.5264258 -2.25658e-7 0.8502244 0.5264205 0 1 0 -1.79101e-7 0.9829716 -0.1837577 -1.69247e-7 0.982973 -0.1837506 -1.69247e-7 0.9324806 -0.3612201 -2.25652e-7 0.9324806 -0.36122 0 0.8501818 -0.5264894 -2.25688e-7 0.7390347 -0.6736674 -2.25662e-7 0.6026259 -0.7980238 0 0.6028953 -0.7978203 -2.23688e-7 0.6028953 -0.7978203 -2.25669e-7 0.6028953 -0.7978203 -2.0961e-7 0.4457359 -0.8951645 0 0.2733023 -0.9619282 -2.4818e-7 0.2733023 -0.9619282 -2.2777e-7 0.2733023 -0.9619282 -2.24502e-7 0.2734404 -0.961889 0 0.2734404 -0.961889 1.77649e-7 0.2734404 -0.961889 0 -0.09228289 -0.9957329 2.25661e-7 -0.09228289 -0.9957329 -2.25661e-7 -0.2733108 -0.9619258 2.25713e-7 -0.2733108 -0.9619258 1.60559e-7 -0.2733108 -0.9619258 -3.07219e-7 -0.2733109 -0.9619258 0 -0.2733108 -0.9619258 0 -0.4457373 -0.8951638 0 -0.6028954 -0.7978203 2.0961e-7 -0.6028954 -0.7978203 2.23796e-7 -0.6028954 -0.7978203 2.25669e-7 -0.8501898 -0.5264763 0 -0.850193 -0.5264712 2.25691e-7 -0.9324721 -0.3612421 0 -0.9324746 -0.3612357 2.25651e-7 -1 0 1.79101e-7 -1 0 1.79101e-7 -0.8502324 0.5264075 2.25661e-7 -0.6026312 0.7980199 0 -0.6026276 0.7980226 4.51338e-7 -0.4457373 0.8951638 -4.51333e-7 -0.4457345 0.8951653 4.5133e-7 -0.09228557 -0.9957326 0 -0.09228557 -0.9957326 0 0.09228289 -0.9957329 0 0.09228289 -0.9957329 0 0.27331 -0.9619261 0 0.27331 -0.9619261 0 0.27331 -0.9619261 5.3288e-7 0.27331 -0.9619261 0 0.27331 -0.9619261 0 0.27331 -0.9619261 0 0.4457345 -0.8951653 0 0.4457373 -0.8951638 0 0.6028954 -0.7978203 0 0.6028954 -0.7978203 0 0.6028954 -0.7978203 0 0.6026312 -0.7980199 0 0.7390184 -0.6736852 0 0.7390183 -0.6736853 0 0.8501931 -0.5264711 0 0.8501898 -0.5264764 0 0.9324722 -0.361242 0 0.9324746 -0.3612357 0 0.9829756 -0.1837368 0 0.9829782 -0.1837228 0 0.9829782 0.1837228 0 0.9829756 0.1837368 0 0.9324746 0.3612357 0 0.9324721 0.3612419 0 0.8502325 0.5264075 0 0.8502357 0.5264023 0 0.7390184 0.6736852 0 0.7392444 0.6734372 0 0.7392444 0.6734372 0 0.7392444 0.6734372 0 0.6026311 0.7980199 0 0.4457374 0.8951638 0 0.4457344 0.8951653 0 0.2736288 0.9618355 0 0.2736288 0.9618355 0 0.09228289 0.9957329 0 0.09228289 0.9957329 0 -0.09228557 0.9957326 0 -0.09228557 0.9957326 0 -0.2736231 0.9618371 0 -0.2736217 0.9618374 0 -0.4457358 0.8951646 0 -0.6026294 0.7980213 0 -0.7390345 0.6736676 0 -0.7390328 0.6736696 0 -0.8502212 0.5264258 0 -0.8502227 0.5264233 0 -0.9324806 0.3612201 0 -0.9324819 0.3612169 0 -0.9829723 0.1837542 0 -0.9829723 -0.1837542 0 -0.9324819 -0.361217 0 -0.9324806 -0.3612201 0 -0.8501802 -0.5264921 0 -0.8501785 -0.5264947 0 -0.7390328 -0.6736696 0 -0.7390345 -0.6736676 0 -0.6026293 -0.7980213 0 -0.4457358 -0.8951646 0 -0.2733033 -0.961928 0 -0.2733033 -0.961928 0 -0.2733033 -0.961928 0 -0.2733039 -0.9619277 0 -0.2733039 -0.9619277 -4.63856e-7 -0.2733039 -0.9619277 0 -0.09228557 0.9957326 0 0.09228289 0.9957329 0 0.2736297 0.9618352 0 0.4457344 0.8951654 -4.51331e-7 0.4457345 0.8951652 4.5133e-7 0.6026312 0.7980199 -4.5134e-7 0.6026276 0.7980226 0 0.7390184 0.6736853 -2.25657e-7 0.7390221 0.6736813 0 0.8502326 0.5264075 -2.25661e-7 0.8502324 0.5264075 0 0.9324721 0.3612421 -2.2565e-7 0.9324746 0.3612357 0 0.9829769 0.1837297 -1.69248e-7 0.9829769 0.1837298 -1.69248e-7 0.9829769 -0.1837297 -1.69248e-7 0.9829769 -0.1837298 -1.69248e-7 0.9324746 -0.3612357 -2.25651e-7 0.9324721 -0.3612419 0 0.8501898 -0.5264765 -2.25691e-7 0.8501898 -0.5264763 0 0.739022 -0.6736814 -2.25658e-7 0.7390185 -0.6736852 -2.25657e-7 0.6026276 -0.7980225 0 0.6026311 -0.79802 -2.2567e-7 0.4457344 -0.8951654 0 0.4457345 -0.8951652 0 0.2733108 -0.9619258 0 0.2733109 -0.9619258 0 0.2733108 -0.9619258 0 0.27331 -0.9619261 -1.60559e-7 0.27331 -0.9619261 3.07221e-7 0.27331 -0.9619261 -2.25713e-7 0.09228289 -0.9957329 2.25661e-7 0.09228289 -0.9957329 -2.25661e-7 -0.09228557 -0.9957326 0 -0.2733042 -0.9619277 0 -0.2733042 -0.9619277 0 -0.2733042 -0.9619277 -6.03866e-7 -0.2734419 -0.9618885 2.27139e-7 -0.2734419 -0.9618886 2.24848e-7 -0.2734419 -0.9618886 2.41423e-7 -0.4457345 -0.8951652 0 -0.6028972 -0.797819 2.09611e-7 -0.6028972 -0.797819 2.23688e-7 -0.6028972 -0.797819 2.25669e-7 -0.6026293 -0.7980213 0 -0.7390329 -0.6736694 2.25661e-7 -0.7390328 -0.6736695 2.25661e-7 -0.8501818 -0.5264894 0 -0.8501769 -0.5264972 2.25687e-7 -0.9324819 -0.3612169 0 -0.9324831 -0.3612137 2.25653e-7 -0.982971 -0.1837612 1.69247e-7 -0.9829735 -0.1837472 1.69247e-7 -0.9829735 0.1837472 1.69247e-7 -0.982971 0.1837611 1.69247e-7 -0.9324831 0.3612138 2.25653e-7 -0.9324818 0.3612169 0 -0.8502195 0.5264284 0 -0.8502244 0.5264205 2.25659e-7 -0.7390329 0.6736694 2.25661e-7 -0.7390328 0.6736695 0 -0.6026294 0.7980213 4.51339e-7 -0.6026293 0.7980213 0 -0.4457345 0.8951652 -4.5133e-7 -0.2736231 0.9618371 0 -0.2736224 0.9618372 0 0.2736288 -0.9618355 0 0.2736288 -0.9618355 0 0.6026276 -0.7980226 0 0.8502358 -0.5264022 0 0.8502324 -0.5264075 0 0.9324521 -0.3612938 0 0.9324545 -0.3612875 0 0.8501898 0.5264763 0 0.8501931 0.5264712 0 0.7390183 0.6736853 0 0.2731677 0.9619665 0 0.2731677 0.9619665 0 0.2731677 0.9619665 0 0.2740898 0.9617041 0 0.2740898 0.9617041 0 0.2740898 0.9617041 0 -0.2739458 0.9617452 0 -0.2739458 0.9617452 0 -0.2739458 0.9617452 0 -0.2731606 0.9619684 0 -0.2731606 0.9619686 0 -0.2731606 0.9619686 0 -0.6028971 0.797819 0 -0.6028971 0.797819 0 -0.6028971 0.797819 0 -0.8501785 0.5264946 0 -0.8501801 0.5264921 0 -0.9324617 -0.3612687 0 -0.9324605 -0.3612719 0 -0.8502228 -0.5264232 0 -0.850221 -0.5264259 0 -0.273622 -0.9618373 0 -0.2736228 -0.9618372 0 0.2740898 0.9617041 0 0.2740898 0.9617041 0 0.2731686 0.9619662 0 0.2731686 0.9619662 0 0.2731686 0.9619662 0 0.4457344 0.8951654 -2.25665e-7 0.4457345 0.8951652 0 0.602899 0.7978177 0 0.602899 0.7978177 0 0.602899 0.7978177 0 0.6026276 0.7980226 -2.25669e-7 0.8501898 0.5264765 -2.25691e-7 0.8501898 0.5264763 -2.2569e-7 1 0 -1.791e-7 0.9324545 -0.3612875 0 0.9324521 -0.3612938 -2.25682e-7 0.8502326 -0.5264075 -2.25661e-7 0.8502324 -0.5264075 -2.25661e-7 0.739022 -0.6736814 0 0.6026311 -0.79802 0 0.4457344 -0.8951654 -4.51331e-7 0.2736297 -0.9618352 0 0.2736288 -0.9618355 0 0.09228289 -0.9957329 0 -0.2736231 -0.9618371 4.51329e-7 -0.2736224 -0.9618372 -4.51328e-7 -0.4457345 -0.8951653 4.5133e-7 -0.6026294 -0.7980213 -4.51339e-7 -0.6026293 -0.7980213 4.51339e-7 -0.7390328 -0.6736695 0 -0.8502243 -0.5264206 2.25659e-7 -0.8502196 -0.5264284 2.25658e-7 -0.9324619 -0.3612686 2.25685e-7 -0.932463 -0.3612657 0 -0.982971 -0.1837612 0 -0.9829735 -0.1837472 2.25663e-7 -1 0 1.79101e-7 -0.8501769 0.5264972 2.25687e-7 -0.8501818 0.5264894 2.25688e-7 -0.6026294 0.7980213 0 -0.6028971 0.7978191 2.2759e-7 -0.6028971 0.7978191 2.25669e-7 -0.6028971 0.7978191 2.41824e-7 -0.4457345 0.8951652 0 -0.2731619 0.9619681 0 -0.273162 0.9619681 0 -0.2731619 0.9619681 0 -0.2739452 0.9617453 0 -0.2739452 0.9617454 0 -0.2739452 0.9617454 0 -0.03906369 0.7065411 0.706593 -0.03906363 0.7065411 0.706593 -0.03906363 0.7065411 0.706593 -0.03755509 0.7108167 0.7023741 -0.03183102 0.6954924 0.7178282 -0.07490843 0.6990306 0.7111576 -0.08214271 0.7064262 0.7030041 -0.1174178 0.693323 0.7109967 -0.1247049 0.6999773 0.703193 -0.1595001 0.6850618 0.7108095 -0.1667532 0.6909759 0.7033817 -0.2010108 0.6742503 0.7106203 -0.2081922 0.67946 0.7035554 -0.2418422 0.6609336 0.7104077 -0.2488193 0.6654157 0.7037833 -0.281743 0.6451219 0.7102385 -0.2885659 0.6489816 0.703955 -0.320663 0.6269493 0.710007 -0.3271566 0.6301546 0.7041831 -0.3583701 0.6064028 0.7098215 -0.364582 0.6090425 0.7043772 -0.3948046 0.5836107 0.7095971 -0.4006054 0.5856921 0.7046135 -0.4297719 0.5586053 0.7094056 -0.4351661 0.5602063 0.70484 -0.4631611 0.5315353 0.7091911 -0.4681106 0.5327029 0.7050534 -0.4948632 0.5024815 0.7089591 -0.4993412 0.5032736 0.7052475 -0.5247655 0.4715511 0.7087035 -0.5286873 0.472017 0.7054713 -0.5527326 0.4388172 0.7084676 -0.5560752 0.4390243 0.7057182 -0.5786435 0.4044352 0.70824 -0.5814121 0.4044472 0.7059621 -0.6024208 0.3685333 0.7080059 -0.6044826 0.3687226 0.7061476 -0.6044825 0.3687226 0.7061477 -0.6239948 0.3312414 0.7077498 -0.6255795 0.3310655 0.7064318 -0.6432567 0.2926942 0.7074962 -0.644229 0.2925309 0.7066787 -0.6601464 0.2530192 0.7072397 -0.660488 0.252938 0.7069499 -0.6745319 0.2125017 0.7070006 -0.6743822 0.2123152 0.7071994 -0.6863982 0.1713882 0.7067416 -0.6858241 0.1707497 0.7074531 -0.6957528 0.1296006 0.7064926 -0.6947141 0.1285715 0.7077018 -0.7025648 0.08732438 0.7062416 -0.7010092 0.08595013 0.7079539 -0.7067918 0.0446785 0.7060093 -0.7047049 0.04304313 0.7081938 -0.708442 0.001855611 0.7057666 -0.7057806 0 0.7084305 -0.7074925 -0.04101043 0.7055301 -0.7042353 -0.04301452 0.7086624 -0.7039445 -0.08374392 0.7053008 -0.7000744 -0.08583277 0.7088925 -0.6978085 -0.1262085 0.7050779 -0.6933125 -0.1283148 0.7091214 -0.6891107 -0.1682396 0.704856 -0.6839955 -0.1702961 0.7093303 -0.6778936 -0.2096589 0.70463 -0.6721223 -0.2116069 0.7095591 -0.6641563 -0.2503573 0.7044273 -0.6577635 -0.2521165 0.7097778 -0.6479817 -0.2901433 0.7042278 -0.6409898 -0.2916499 0.7099805 -0.6294333 -0.3289127 0.70401 -0.6218472 -0.3301006 0.7101688 -0.608577 -0.366477 0.7037959 -0.6003899 -0.3672912 0.7103726 -0.5854508 -0.4027329 0.7036005 -0.5767339 -0.4031019 0.710554 -0.5601921 -0.4375221 0.7033914 -0.5509062 -0.4373948 0.7107659 -0.5328242 -0.470708 0.70323 -0.523105 -0.470023 0.7109428 -0.5035223 -0.5022154 0.7030257 -0.4933241 -0.5009174 0.7111352 -0.4723424 -0.5318634 0.7028613 -0.4617386 -0.5299029 0.7113371 -0.4393864 -0.5596014 0.702699 -0.4284994 -0.5569514 0.7114728 -0.4048693 -0.5853112 0.7024896 -0.3936536 -0.5819059 0.7116337 -0.3688235 -0.6088791 0.7023073 -0.3573488 -0.6046794 0.7118039 -0.3314056 -0.630194 0.702158 -0.3197571 -0.6251741 0.711978 -0.2927265 -0.6492419 0.7019945 -0.2809825 -0.643382 0.7121155 -0.2530053 -0.6659029 0.7018275 -0.2411521 -0.6591388 0.7123074 -0.2122716 -0.6801074 0.7017084 -0.2005252 -0.6725051 0.712409 -0.1708375 -0.6918796 0.7015106 -0.1590919 -0.6833145 0.7125806 -0.1286684 -0.701071 0.7013871 -0.117132 -0.691628 0.7126926 -0.08606749 -0.70773 0.7012209 -0.07472681 -0.6973483 0.7128263 -0.04312902 -0.7117658 0.7010915 -0.03205806 -0.7004367 0.7129942 3.49835e-5 -0.7131771 0.700984 0.01069587 -0.7009787 0.713102 0.04314392 -0.7120119 0.7008407 0.05340033 -0.6988788 0.713244 0.08616065 -0.7082037 0.700731 0.09588259 -0.6942238 0.7133442 0.1288449 -0.7018371 0.7005882 0.1379992 -0.6869765 0.7134561 0.1710855 -0.6928783 0.7004638 0.1796104 -0.6771548 0.7135835 0.2126936 -0.6813426 0.7003812 0.2205081 -0.6648226 0.7137137 0.2535774 -0.6673141 0.7002789 0.2606008 -0.6500639 0.7137957 0.2934994 -0.650868 0.7001636 0.299685 -0.6329096 0.7138729 0.3323882 -0.632045 0.7000266 0.3376919 -0.6133679 0.7139637 0.3700639 -0.6108578 0.6999325 0.374413 -0.5915741 0.7140414 0.4063589 -0.5874487 0.6998403 0.4097135 -0.5675222 0.7141804 0.4411645 -0.5621942 0.6995081 0.4411646 -0.5621942 0.6995081 0.4434919 -0.5414784 0.7142242 0.4742037 -0.534438 0.6996477 0.4742038 -0.5344381 0.6996477 0.4742038 -0.5344381 0.6996476 0.4756429 -0.513374 0.7142906 0.5059271 -0.5045952 0.6995867 0.5059889 -0.4833385 0.7143943 0.5355497 -0.473097 0.6995469 0.5344362 -0.4515483 0.7144802 0.5632622 -0.4398685 0.6994652 0.5609406 -0.4180952 0.7145224 0.5888893 -0.4050549 0.6993854 0.5853306 -0.3830773 0.7145907 0.6123484 -0.3687237 0.699337 0.6075342 -0.3466589 0.7146536 0.6335902 -0.3310331 0.6992716 0.6274971 -0.308946 0.7147027 0.6524893 -0.2921403 0.6992223 0.6451045 -0.2700966 0.7147644 0.6690028 -0.252159 0.6991789 0.6603231 -0.2302551 0.7148119 0.6830809 -0.2112444 0.6991255 0.6731041 -0.1895561 0.7148423 0.6946498 -0.1695578 0.6990792 0.6833696 -0.1481606 0.7148808 0.7036698 -0.1272439 0.6990407 0.6910918 -0.1062193 0.7149194 0.7101036 -0.08445692 0.6990135 0.6962455 -0.06388682 0.714955 0.7139366 -0.04135471 0.698988 0.6988235 -0.02132278 0.7149763 0.71516 0.001897394 0.6989582 0.6987967 0.02132201 0.7150025 0.7137512 0.04515099 0.6989425 0.6961782 0.06387799 0.7150214 0.7097293 0.08823639 0.6989268 0.6909701 0.1062008 0.7150397 0.7031062 0.1310059 0.6989129 0.6832087 0.1481231 0.7150423 0.6939086 0.173287 0.6989009 0.6728981 0.1895015 0.7150506 0.6821602 0.2149455 0.6988962 0.6600957 0.2301758 0.7150474 0.6679107 0.2557984 0.6989009 0.6448469 0.2699736 0.7150432 0.651232 0.2957431 0.6988798 0.6271965 0.3088116 0.7150245 0.6321398 0.3345628 0.6989042 0.607194 0.3464629 0.7150378 0.6107222 0.3721832 0.6989264 0.5849702 0.382842 0.7150119 0.5870977 0.4084191 0.698935 0.5605477 0.4178028 0.7150015 0.5612924 0.4431641 0.6989682 0.534036 0.45121 0.7149931 0.533427 0.476301 0.6989943 0.5055863 0.4829545 0.7149388 0.5036559 0.5076845 0.6989902 0.4752246 0.5129204 0.7148947 0.4720168 0.5371616 0.6990405 0.4430856 0.5409373 0.714886 0.438623 0.5647189 0.6990725 0.4093021 0.5669985 0.7148319 0.4036495 0.5901653 0.6991224 0.3742997 0.5907785 0.7147591 0.3742997 0.5907785 0.7147591 0.3742997 0.5907785 0.7147591 0.3671828 0.6134662 0.6991682 0.3373069 0.6126659 0.7147479 0.3294029 0.6344931 0.6992226 0.2993471 0.6321263 0.7147082 0.2903826 0.6532366 0.6992567 0.2602526 0.6492831 0.7146328 0.2503423 0.6694941 0.6993614 0.2202155 0.663941 0.7146241 0.2093484 0.683363 0.6994199 0.1793608 0.6762149 0.714537 0.1676517 0.6946985 0.6994906 0.1377921 0.6859358 0.7144966 0.1252923 0.7034797 0.6995843 0.09576535 0.6931335 0.7144194 0.08249533 0.709762 0.6995945 0.05328112 0.6978064 0.714302 0.0394454 0.7133255 0.6997221 0.02515786 0.7067089 0.7070571 0.01051646 0.6892029 0.7244921 -4.29558e-5 0.716199 0.6978961 -0.03019398 0.9995436 -0.001035034 -0.01664054 0.9998615 -2.46994e-4 0 1 7.65123e-5 -0.05280214 0.9986047 8.28721e-4 -0.09048378 0.9958977 -7.26164e-4 -0.1155005 0.9933072 7.29502e-4 -0.150476 0.9886134 -7.28872e-4 -0.1753934 0.9844982 7.29133e-4 -0.2098788 0.9777272 -7.29125e-4 -0.234596 0.9720928 7.30116e-4 -0.2685382 0.9632688 -7.306e-4 -0.2929633 0.9561234 7.29627e-4 -0.3262116 0.9452965 -7.3282e-4 -0.3502466 0.9366573 7.29013e-4 -0.3826584 0.9238896 -7.33572e-4 -0.4062911 0.9137434 7.33806e-4 -0.4377668 0.8990883 -7.29868e-4 -0.4607744 0.887517 7.35175e-4 -0.4912453 0.871021 -7.31097e-4 -0.5136193 0.858018 7.36893e-4 -0.5429496 0.8397651 -7.30603e-4 -0.5645548 0.8253954 7.36841e-4 -0.5926746 0.8054417 -7.33804e-4 -0.6134581 0.7897271 7.35353e-4 -0.6402038 0.7682048 -7.34441e-4 -0.660095 0.7511818 7.37503e-4 -0.6854277 0.7281404 -7.34422e-4 -0.7043276 0.7098748 7.38985e-4 -0.7281491 0.6854185 -7.34172e-4 -0.7459554 0.6659956 7.38439e-4 -0.7681882 0.6402239 -7.35926e-4 -0.7848714 0.6196583 7.39614e-4 -0.805457 0.5926538 -7.36762e-4 -0.8209141 0.5710512 7.39018e-4 -0.8397672 0.5429463 -7.38139e-4 -0.8539524 0.5203508 7.39748e-4 -0.8710183 0.4912502 -7.38423e-4 -0.8838607 0.4677498 7.40312e-4 -0.8990812 0.4377812 -7.37901e-4 -0.9105259 0.4134513 7.42206e-4 -0.9238802 0.382681 -7.3875e-4 -0.9338641 0.3576277 7.41368e-4 -0.9452962 0.3262125 -7.40049e-4 -0.9537897 0.3004743 7.42883e-4 -0.9632719 0.2685271 -7.397e-4 -0.9702135 0.2422506 7.42838e-4 -0.9777254 0.2098871 -7.40616e-4 -0.9830901 0.1831218 7.43984e-4 -0.9886156 0.1504624 -7.40546e-4 -0.9923645 0.1233374 7.44054e-4 -0.9958964 0.09049737 -7.41539e-4 -0.9980072 0.0630967 7.44377e-4 -0.9995437 0.03019905 -7.42008e-4 -0.9999964 0.002619802 7.44887e-4 -0.9995436 -0.03020298 -7.42329e-4 -0.9983241 -0.05786705 7.45609e-4 -0.9958964 -0.09049737 -7.42328e-4 -0.9929974 -0.1181343 7.45857e-4 -0.988615 -0.1504659 -7.43536e-4 -0.9840342 -0.1779783 7.45426e-4 -0.9777287 -0.2098713 -7.44206e-4 -0.971466 -0.2371777 7.46713e-4 -0.9632684 -0.2685399 -7.435e-4 -0.9553516 -0.2954707 7.46329e-4 -0.9453009 -0.3261991 -7.45228e-4 -0.9357267 -0.3527256 7.46735e-4 -0.9238817 -0.3826777 -7.44768e-4 -0.9126821 -0.4086698 7.47588e-4 -0.8990805 -0.4377828 -7.45613e-4 -0.8862895 -0.4631311 7.46886e-4 -0.8710199 -0.4912472 -7.45274e-4 -0.8566644 -0.5158739 7.4819e-4 -0.8397653 -0.5429491 -7.45542e-4 -0.8238896 -0.56675 7.48924e-4 -0.8054388 -0.5926787 -7.45676e-4 -0.7881097 -0.6155344 7.47734e-4 -0.7682094 -0.6401984 -7.46142e-4 -0.7494432 -0.6620684 7.49456e-4 -0.7281491 -0.6854184 -7.45155e-4 -0.7080255 -0.7061865 7.50693e-4 -0.6854016 -0.728165 -7.46542e-4 -0.6640306 -0.7477051 7.46615e-4 -0.640232 -0.7681814 -7.49228e-4 -0.617559 -0.7865244 7.49786e-4 -0.5926436 -0.8054646 -7.46168e-4 -0.5688823 -0.8224186 7.48967e-4 -0.5429487 -0.8397656 -7.47386e-4 -0.5181038 -0.8553175 7.49217e-4 -0.4912819 -0.8710004 -7.46628e-4 -0.465444 -0.8850772 7.51423e-4 -0.4377668 -0.8990883 -7.46899e-4 -0.4110283 -0.9116223 7.51194e-4 -0.3826584 -0.9238897 -7.469e-4 -0.3551702 -0.9348013 7.48599e-4 -0.3262116 -0.9452966 -7.4911e-4 -0.2979397 -0.9545845 7.50577e-4 -0.2685382 -0.9632688 -7.45657e-4 -0.2397179 -0.9708423 7.51553e-4 -0.2098788 -0.9777272 -7.4813e-4 -0.1805155 -0.983572 7.51062e-4 -0.150476 -0.9886135 -7.45656e-4 -0.1207212 -0.9926862 7.53033e-4 -0.09048378 -0.9958977 -7.4591e-4 -0.06048399 -0.998169 7.50326e-4 -0.03019398 -0.9995439 -7.49609e-4 4.92534e-5 -0.9999998 7.4983e-4 0.03019398 -0.9995439 -7.46647e-4 0.06048399 -0.998169 7.51681e-4 0.09048378 -0.9958977 -7.46404e-4 0.1207709 -0.9926801 7.53035e-4 0.150476 -0.9886134 -7.45162e-4 0.1805647 -0.9835629 7.52171e-4 0.2098788 -0.9777272 -7.46156e-4 0.2397197 -0.970842 7.51558e-4 0.2685382 -0.9632688 -7.47138e-4 0.2979871 -0.9545697 7.49463e-4 0.3262114 -0.9452967 -7.49603e-4 0.3552162 -0.9347839 7.48715e-4 0.3826585 -0.9238897 -7.4616e-4 0.4110749 -0.9116014 7.52421e-4 0.4377673 -0.8990881 -7.44925e-4 0.4654538 -0.885072 7.51932e-4 0.4912819 -0.8710004 -7.47122e-4 0.5181469 -0.8552913 7.49085e-4 0.5429478 -0.8397662 -7.46891e-4 0.5688905 -0.822413 7.48239e-4 0.5926436 -0.8054646 -7.48636e-4 0.6176333 -0.7864659 7.50249e-4 0.6402311 -0.768182 -7.46019e-4 0.6640473 -0.7476903 7.4879e-4 0.6854017 -0.7281649 -7.45061e-4 0.7080384 -0.7061736 7.512e-4 0.7281491 -0.6854185 -7.45649e-4 0.7494549 -0.6620551 7.48051e-4 0.7682085 -0.6401994 -7.48239e-4 0.7881465 -0.6154873 7.4649e-4 0.8054388 -0.5926787 -7.458e-4 0.8239164 -0.5667109 7.49273e-4 0.8397646 -0.5429503 -7.44554e-4 0.8566799 -0.5158479 7.4845e-4 0.8710182 -0.4912502 -7.45334e-4 0.8863187 -0.4630754 7.4767e-4 0.8990806 -0.4377826 -7.43392e-4 0.9126939 -0.4086436 7.49107e-4 0.9238817 -0.3826777 -7.43534e-4 0.9357376 -0.3526962 7.47437e-4 0.9453015 -0.3261973 -7.4455e-4 0.9553593 -0.2954456 7.46397e-4 0.963269 -0.2685378 -7.435e-4 0.9714788 -0.2371254 7.47069e-4 0.9777284 -0.2098732 -7.42972e-4 0.9840404 -0.177944 7.46089e-4 0.9886146 -0.1504678 -7.42888e-4 0.9930009 -0.1181051 7.45611e-4 0.9958963 -0.09049934 -7.42798e-4 0.9983263 -0.05782973 7.45093e-4 0.9995437 -0.03019905 -7.42237e-4 0.9999963 0.002651333 7.44586e-4 0.9995436 0.03020101 -7.42099e-4 0.998005 0.06313085 7.44085e-4 0.9958964 0.09049737 -7.41512e-4 0.9923599 0.1233743 7.43418e-4 0.9886161 0.1504585 -7.41202e-4 0.9830806 0.1831725 7.4344e-4 0.9777262 0.2098833 -7.40076e-4 0.9702047 0.2422859 7.42778e-4 0.963273 0.2685231 -7.39717e-4 0.9537717 0.3005315 7.43254e-4 0.9452968 0.3262107 -7.3826e-4 0.9338548 0.3576518 7.42346e-4 0.9238817 0.3826777 -7.38042e-4 0.9105104 0.4134856 7.42625e-4 0.8990806 0.4377827 -7.3716e-4 0.883846 0.4677775 7.403e-4 0.8710208 0.4912457 -7.38487e-4 0.8539233 0.5203986 7.40012e-4 0.8397664 0.5429476 -7.3641e-4 0.8209021 0.5710686 7.39593e-4 0.805458 0.5926526 -7.36763e-4 0.7848551 0.6196789 7.38736e-4 0.7681883 0.6402237 -7.3716e-4 0.7459217 0.6660333 7.37284e-4 0.7281491 0.6854185 -7.33925e-4 0.7042871 0.7099151 7.39487e-4 0.6854269 0.7281412 -7.32077e-4 0.6600872 0.7511887 7.38234e-4 0.6402029 0.7682054 -7.34687e-4 0.6134149 0.7897604 7.35422e-4 0.5926765 0.8054404 -7.32325e-4 0.5645437 0.825403 7.36765e-4 0.5429478 0.8397662 -7.31588e-4 0.5135762 0.8580437 7.36162e-4 0.4912449 0.8710212 -7.30603e-4 0.4607643 0.8875223 7.34174e-4 0.4377673 0.8990881 -7.3209e-4 0.4062024 0.913783 7.33454e-4 0.3826585 0.9238897 -7.29622e-4 0.3502441 0.9366582 7.30856e-4 0.3262117 0.9452965 -7.32079e-4 0.2929133 0.9561387 7.30241e-4 0.2685385 0.9632687 -7.28873e-4 0.234596 0.9720928 7.2987e-4 0.2098786 0.9777272 -7.30852e-4 0.1753441 0.984507 7.27038e-4 0.150476 0.9886135 -7.29366e-4 0.1154519 0.9933128 7.2889e-4 0.09048372 0.9958978 -7.2567e-4 0.05521333 0.9984743 7.27526e-4 0.04270881 0.9990876 0 0.03019398 0.9995436 -0.001032531 0.01664054 0.9998615 -2.44613e-4 -0.05526292 0.9984719 -9.04888e-7 0.02159571 0.7149091 -0.6988838 0 0.6991191 -0.7150053 -0.02159589 0.7149091 -0.6988838 -0.04263001 0.697804 -0.7150191 -0.06471401 0.7122663 -0.6989197 -0.08508348 0.6938899 -0.7150368 -0.107618 0.7070398 -0.6989371 -0.1272304 0.6874374 -0.7150121 -0.1500981 0.6992371 -0.6989551 -0.1688916 0.6784329 -0.7149857 -0.1920507 0.688902 -0.6989496 -0.2099671 0.666908 -0.7149458 -0.2332887 0.6760239 -0.6989766 -0.2502462 0.6529097 -0.7149027 -0.2736384 0.6606708 -0.6990252 -0.2896023 0.6364306 -0.7149033 -0.3130095 0.6428605 -0.6991105 -0.3278645 0.617625 -0.7148736 -0.3512172 0.6227388 -0.6991731 -0.3649169 0.5965291 -0.7148347 -0.3881583 0.600355 -0.6992188 -0.4006497 0.5732162 -0.7147749 -0.4236778 0.5757756 -0.6992709 -0.434904 0.5477827 -0.7146976 -0.4576026 0.549094 -0.6993537 -0.4675156 0.5202957 -0.7146479 -0.4898785 0.5204048 -0.6994268 -0.4984173 0.4908961 -0.7145637 -0.5203788 0.48984 -0.6994733 -0.5275153 0.4596369 -0.714466 -0.5489029 0.4574658 -0.6995933 -0.5545865 0.426678 -0.7144086 -0.5754687 0.4234288 -0.6996742 -0.5796611 0.3921356 -0.7142988 -0.5999102 0.3878705 -0.6997602 -0.602582 0.3561264 -0.7141911 -0.6221648 0.3508958 -0.6998451 -0.6232814 0.3187615 -0.7140809 -0.6420845 0.3126428 -0.6999871 -0.641626 0.2802169 -0.713999 -0.6596904 0.273246 -0.7001038 -0.6576327 0.2406258 -0.7138758 -0.6748664 0.2328874 -0.7002277 -0.6711917 0.2001226 -0.7137596 -0.6875894 0.1916761 -0.7003437 -0.6822835 0.1588557 -0.7136204 -0.6977751 0.1497878 -0.700481 -0.6908282 0.116986 -0.713492 -0.7054083 0.1073582 -0.7006236 -0.6968176 0.07467371 -0.7133507 -0.710465 0.06456267 -0.7007647 -0.700225 0.03205555 -0.7132022 -0.7129151 0.02154022 -0.7009196 -0.7010284 -0.01069265 -0.7130534 -0.7127584 -0.02153277 -0.7010791 -0.6992294 -0.05342471 -0.7128983 -0.709991 -0.06451958 -0.7012489 -0.6948365 -0.0959655 -0.7127363 -0.7046426 -0.1072471 -0.7014107 -0.6878677 -0.1381925 -0.7125594 -0.6967009 -0.1495523 -0.7015996 -0.6783221 -0.1799094 -0.7123987 -0.6862242 -0.1913053 -0.7017824 -0.6662751 -0.2209826 -0.7122108 -0.6732543 -0.2323216 -0.7019654 -0.6517353 -0.2612669 -0.7120258 -0.6578077 -0.2724689 -0.702175 -0.6347682 -0.3005846 -0.7118415 -0.6399936 -0.3116247 -0.7023521 -0.6154547 -0.3388485 -0.7116159 -0.6198247 -0.3495774 -0.7025761 -0.5938225 -0.3758214 -0.7114304 -0.5974186 -0.3862596 -0.7027764 -0.5699726 -0.4114763 -0.7112092 -0.5728214 -0.421508 -0.7029984 -0.5440096 -0.4455885 -0.7109884 -0.5461626 -0.4551528 -0.7032371 -0.5160019 -0.4780549 -0.7107782 -0.5175289 -0.4871575 -0.7034497 -0.4860335 -0.5088291 -0.7105382 -0.4869835 -0.517368 -0.7036885 -0.45429 -0.5376825 -0.7102944 -0.4547293 -0.5456069 -0.7039421 -0.4207953 -0.5645582 -0.7100744 -0.4207957 -0.5719066 -0.7041689 -0.3857424 -0.5893992 -0.7097968 -0.385371 -0.5960425 -0.7044307 -0.3492277 -0.6120314 -0.7095475 -0.348563 -0.6179729 -0.704708 -0.3113576 -0.6324004 -0.7093139 -0.3104735 -0.6376509 -0.7049877 -0.2723382 -0.6504416 -0.7090541 -0.2712993 -0.655024 -0.7052236 -0.2322886 -0.6661285 -0.7087417 -0.2311939 -0.6699533 -0.7054871 -0.1913216 -0.6793332 -0.7084508 -0.1902457 -0.6824274 -0.7057616 -0.1495822 -0.6900288 -0.7081565 -0.1486214 -0.692358 -0.7060822 -0.1073046 -0.6981186 -0.7078956 -0.1065125 -0.6997759 -0.7063773 -0.06457918 -0.7036572 -0.7075989 -0.06402355 -0.7046664 -0.7066445 -0.02153694 -0.706628 -0.7072575 -0.02135455 -0.7069223 -0.7069689 0.02135449 -0.7069218 -0.7069693 0.02153694 -0.706628 -0.7072575 0.06402337 -0.7046652 -0.7066457 0.06457912 -0.7036573 -0.7075988 0.1065121 -0.6997748 -0.7063784 0.1073046 -0.6981186 -0.7078956 0.1486214 -0.6923585 -0.7060818 0.1495821 -0.6900284 -0.7081568 0.1902459 -0.6824284 -0.7057607 0.1913215 -0.6793333 -0.7084507 0.2311938 -0.6699534 -0.705487 0.2322887 -0.6661283 -0.7087419 0.271299 -0.6550232 -0.7052245 0.272338 -0.650442 -0.7090538 0.3104734 -0.6376509 -0.7049878 0.3113576 -0.6324003 -0.709314 0.3485638 -0.6179735 -0.7047072 0.3492273 -0.6120324 -0.7095469 0.3852145 -0.5963049 -0.7042942 0.3852146 -0.5963049 -0.7042942 0.3857423 -0.5893991 -0.7097969 0.4207962 -0.5719071 -0.7041682 0.4207956 -0.564557 -0.710075 0.4547299 -0.5456089 -0.7039402 0.4542895 -0.5376839 -0.7102937 0.4869835 -0.5173681 -0.7036885 0.4860336 -0.5088285 -0.7105385 0.517529 -0.4871575 -0.7034496 0.5160018 -0.4780551 -0.7107781 0.546163 -0.4551531 -0.7032367 0.5440092 -0.4455897 -0.710988 0.5728214 -0.421508 -0.7029984 0.5699733 -0.411474 -0.71121 0.5974188 -0.3862584 -0.7027767 0.5938216 -0.3758248 -0.7114294 0.619825 -0.3495776 -0.7025757 0.615455 -0.3388472 -0.7116163 0.6399939 -0.3116248 -0.7023516 0.6347681 -0.3005843 -0.7118417 0.6578079 -0.2724677 -0.7021753 0.6517348 -0.2612693 -0.7120254 0.6732546 -0.2323217 -0.7019651 0.6662753 -0.2209811 -0.7122111 0.6862239 -0.1913053 -0.7017827 0.6783222 -0.1799077 -0.7123989 0.6967013 -0.1495497 -0.7015998 0.6878673 -0.1381961 -0.7125591 0.7046426 -0.1072471 -0.7014107 0.6948363 -0.09596651 -0.7127363 0.709991 -0.06451958 -0.7012489 0.6992294 -0.05342471 -0.7128984 0.7127585 -0.02153277 -0.701079 0.7010282 -0.01069265 -0.7130535 0.7129151 0.02154022 -0.7009195 0.7002249 0.03205555 -0.7132023 0.710465 0.06456267 -0.7007647 0.6968172 0.07467734 -0.7133506 0.7054085 0.1073556 -0.7006239 0.6908281 0.116986 -0.713492 0.697775 0.1497878 -0.700481 0.6822834 0.1588567 -0.7136204 0.6875891 0.1916761 -0.7003439 0.6711919 0.2001211 -0.7137598 0.6748665 0.2328874 -0.7002276 0.6576329 0.2406243 -0.713876 0.6596902 0.273246 -0.7001039 0.6416255 0.280219 -0.7139987 0.6420843 0.3126427 -0.6999874 0.6232816 0.3187602 -0.7140813 0.6221649 0.350896 -0.699845 0.6025817 0.3561274 -0.7141909 0.5999106 0.3878696 -0.6997603 0.5796612 0.3921355 -0.7142988 0.5754689 0.423429 -0.6996738 0.5545865 0.426678 -0.7144086 0.5489031 0.457466 -0.699593 0.5275155 0.459636 -0.7144664 0.5203788 0.48984 -0.6994732 0.4984165 0.4908983 -0.7145627 0.4898782 0.5204049 -0.699427 0.4675161 0.5202943 -0.7146487 0.4576023 0.5490949 -0.6993532 0.434904 0.5477824 -0.7146978 0.4236779 0.5757756 -0.6992709 0.4006493 0.573217 -0.7147745 0.3881589 0.6003548 -0.6992188 0.3649168 0.5965292 -0.7148347 0.3512166 0.6227386 -0.6991735 0.3278647 0.6176244 -0.714874 0.3130093 0.6428605 -0.6991105 0.2896025 0.6364302 -0.7149037 0.2736383 0.6606711 -0.6990249 0.2502462 0.6529095 -0.7149029 0.2332885 0.6760242 -0.6989762 0.209967 0.6669083 -0.7149456 0.1920507 0.688902 -0.6989496 0.1688916 0.6784327 -0.7149858 0.150098 0.6992371 -0.6989551 0.1272302 0.6874376 -0.7150119 0.1076179 0.7070398 -0.6989371 0.08508342 0.6938898 -0.7150369 0.06471401 0.7122663 -0.6989197 0.04263001 0.6978039 -0.7150192 0 0 -1 0 0 -1 0 0 -1 0 0 -1 0 0 -1 0 0 -1 0 0 -1 0 0 -1 0 0 -1 0 0 -1 0 0 -1 0 0 -1 0 0 -1 0 0 -1 0 0 -1 0 0 -1 0 0 -1 0 0 -1 0 0 -1 0 0 -1 0 0 -1 0 0 -1 0 0 -1 0 0 -1 0 0 -1 0 0 -1 0 0 -1 0 0 -1 0 0 -1 0 0 -1 0 0 -1 0 0 -1 0 0 -1 0 0 -1 0 0 -1 0 0 -1 0 0 -1 0 0 -1 0 0 -1 0 0 -1 0 0 -1 0 0 -1 0 0 -1 0 0 -1 0 0 -1 -1.89566e-7 0 -1 0 0 -1 0 0 -1 0 0 -1 -3.27223e-7 0 -1 0 0 -1 -6.52489e-7 0 -1 0 0 -1 0 0 -1 0 0 -1 0 0 -1 0 0 -1 0 0 -1 0 0 -1 0 0 -1 0 0 -1 0 0 -1 0 0 -1 0 0 -1 0 0 -1 0 0 -1 0 0 -1 0 0 -1 0 0 -1 0 0 -1 0 0 -1 0 0 -1 0 0 -1 0 0 -1 0 0 -1 0 0 -1 0 0 -1 0 0 -1 0 0 -1 0 0 -1 0 0 -1 0 0 -1 0 0 -1 0 0 -1 0 0 -1 0 0 -1 0 0 -1 0 0 -1 0 0 -1 0 0 -1 0 0 -1 0 0 -1 0 0 -1 0 0 -1 0 0 -1 -1.25826e-7 0 -1 0 0 -1 0 0 -1 0 0 -1 0 4.79523e-4 -0.9999999 0 4.79522e-4 -0.9999999 -1.48051e-7 4.79522e-4 -0.9999999 0 -7.67001e-4 -0.9999997 0 -7.67001e-4 -0.9999997 0 -7.67001e-4 -0.9999997 -1 0 0 -1 0 0 -5.6699e-6 0 1 0 4.79384e-4 0.9999999 0 4.79384e-4 0.9999999 0 4.79384e-4 0.9999999 0 -6.71137e-4 0.9999998 0 -6.71137e-4 0.9999998 0 -6.71137e-4 0.9999998 5.66983e-6 0 1 1 -2.45854e-7 0 1 0 0 -5.59439e-7 0 1 0 0 1 0 0 1 -1.44087e-6 0 1 7.45965e-7 0 1 1.14973e-6 0 1 1.12061e-6 0 1 -1.12318e-6 0 1 1.37424e-6 0 1 -1.28838e-6 0 1 4.80248e-7 0 1 1.11361e-6 0 1 -4.29862e-6 0 1 6.46157e-7 0 1 0 0 1 3.71477e-7 0 1 -1.87256e-7 0 1 -6.8163e-7 0 1 -4.28861e-7 0 1 1.04599e-6 0 1 -7.67535e-7 0 1 2.56825e-6 0 1 8.65e-7 0 1 0 3.35569e-4 1 0 3.35569e-4 1 0 3.35569e-4 1 4.9774e-6 0 1 -2.19802e-6 0 1 3.97271e-6 0 1 1.75937e-6 0 1 0 -1.94627e-7 1 1.53414e-6 0 1 1.60743e-6 0 1 -9.88999e-6 0 1 1.22922e-6 0 1 1.53994e-7 0 1 7.44463e-7 0 1 5.79385e-7 0 1 -9.51898e-7 0 1 -5.1712e-7 0 1 8.38108e-7 0 1 0 0 1 -2.06758e-7 0 1 -5.79292e-7 0 1 5.38052e-7 0 1 -2.4825e-7 0 1 3.30855e-7 0 1 2.74255e-6 0 1 -3.83827e-6 0 1 0 0 1 1.77099e-6 0 1 -1.24598e-6 0 1 2.02701e-6 0 1 -1.23149e-6 0 1 -9.83748e-7 0 1 -5.19439e-7 0 1 7.8537e-6 7.24915e-7 1 -2.65114e-6 0 1 -2.3111e-6 0 1 6.96176e-7 0 1 -2.03792e-6 0 1 6.4075e-7 0 1 4.17407e-7 0 1 -1.08053e-6 0 1 6.3234e-7 0 1 0 -1.40822e-7 1 0 0 1 3.30933e-7 0 1 0 0 1 6.62206e-7 0 1 0 0 1 0 0 1 0 0 1 0 0 1 3.31013e-7 0 1 0 0 1 0 0 1 3.31013e-7 0 1 0 0 1 0 0 1 0 0 1 0 0 1 6.62206e-7 0 1 -4.53694e-7 0 1 1.65467e-7 0 1 0 1.40822e-7 1 3.16191e-7 0 1 1.928e-6 -4.79384e-4 0.9999999 1.88996e-6 -4.79383e-4 0.9999999 1.90163e-6 -4.79384e-4 0.9999999 -3.62567e-7 0 1 4.17406e-7 0 1 -3.96109e-7 0 1 9.43756e-7 0 1 -2.39929e-6 0 1 2.67551e-6 0 1 -2.65116e-6 0 1 6.59097e-7 0 1 7.85373e-6 -7.24918e-7 1 -5.19439e-7 0 1 -6.14205e-6 0 1 1.81021e-6 0 1 -5.02265e-6 0 1 2.16424e-6 0 1 -5.14228e-7 0 1 7.54504e-7 0 1 0 0 1 -7.86383e-7 0 1 7.44804e-7 0 1 -2.06758e-7 0 1 -1.81573e-6 0 1 1.81424e-6 0 1 -4.8631e-7 0 1 -7.23968e-7 0 1 2.0682e-7 0 1 1.81502e-6 0 1 -9.51891e-7 0 1 1.81417e-6 0 1 -7.44919e-7 0 1 1.81535e-6 0 1 -5.79026e-7 0 1 -1.53998e-7 0 1 8.73027e-6 0 1 -1.22921e-6 0 1 -5.11382e-7 0 1 6.57833e-6 1.94627e-7 1 5.86457e-7 0 1 -7.32695e-7 0 1 -5.37224e-6 0 1 8.64999e-7 0 1 -5.11222e-7 0 1 -6.20172e-7 0 1 7.42911e-7 0 1 -2.1541e-6 0 1 2.16137e-7 0 1 -3.90558e-7 0 1 4.73571e-6 0 1 -4.53409e-7 0 1 -5.88561e-6 0 1 5.41215e-6 0 1 -3.52062e-6 0 1 1.39857e-6 0 1 2.39101e-6 0 1 7.3855e-7 0 1 0 -2.42583e-7 1 5.47164e-7 -1.26406e-7 1 0 -2.65259e-7 1 0 1.09608e-6 1 -6.30297e-7 0 1 6.40691e-7 0 1 -3.09868e-7 0 1 2.99573e-7 0 1 0 0 1 4.28845e-7 -2.1824e-7 1 0 0 1 -8.57769e-7 2.1826e-7 1 0 0 1 0 2.42587e-7 1 2.18875e-6 1.26411e-7 1 0 2.65258e-7 1 7.79673e-7 -1.09599e-6 1 -2.45646e-6 0 1 2.0546e-6 0 1 -1.26059e-6 0 1 -2.16119e-6 0 1 -7.12762e-7 0 1 1.44201e-6 0 1 6.78022e-7 0 1 -1.23149e-6 0 1 6.75771e-7 0 1 -1.24598e-6 0 1 1.0217e-6 0 1 -1.77064e-6 0 1 0 -4.79384e-4 0.9999999 0 -4.79384e-4 0.9999999 0 -4.79384e-4 0.9999999 -1.06044e-6 0 1 1.12124e-6 0 1 -6.10301e-7 0 1 1.34142e-6 0 1 2.17252e-6 0 1 -1.38643e-6 0 1 2.5501e-6 0 1 -2.16045e-6 0 1 -7.02566e-7 0 1 3.61049e-6 0 1 -8.41384e-7 1.35408e-6 1 0 -1.4378e-7 1 0 -2.41455e-7 1 0 -1.20541e-7 1 0 -2.1945e-7 1 6.38743e-7 -2.43793e-7 1 -3.59372e-6 0 1 8.58251e-7 0 1 -7.87411e-7 1.88844e-7 1 5.73812e-7 0 1 1.16321e-6 1.82319e-7 1 -6.04037e-7 0 1 6.5412e-7 1.68887e-7 1 -4.30634e-7 0 1 0 1.42321e-7 1 6.95276e-7 0 1 0 2.41452e-7 1 1.12214e-6 1.2054e-7 1 0 2.19447e-7 1 0 2.43766e-7 1 -1.98444e-6 0 1 7.16307e-7 0 1 0 -2.13009e-7 1 5.43509e-7 0 1 0 -2.07775e-7 1 0 -1.60061e-7 1 0 0 1 0 -1.43956e-7 1 0 0 1 7.06643e-7 0 1 7.00059e-7 0 1 7.55388e-7 0 1 7.44252e-7 0 1 7.44785e-7 0 1 -7.17046e-7 0 1 -2.33029e-6 1.43773e-7 1 6.73177e-7 -1.35422e-6 1 3.61048e-6 0 1 1.27499e-6 0 1 -1.38644e-6 0 1 -7.2418e-7 0 1 1.18173e-6 0 1 1.34142e-6 0 1 -1.13015e-6 0 1 3.05103e-6 0 1 -1.08731e-6 0 1 -1.12124e-6 0 1 -1.59613e-6 0 1 -5.01475e-6 0 1 -1.98435e-6 0 1 0 1 0 0 -5.7526e-4 0.9999998 0 -5.7526e-4 0.9999998 0 -5.7526e-4 0.9999998 0 -3.35569e-4 1 0 -3.35569e-4 1 0 -3.35569e-4 1 0 3.35569e-4 1 0 3.35569e-4 1 0 3.35569e-4 1 0 -1.04627e-6 1 0 9.11223e-7 1 0 0 1 0 0 1 1.29073e-7 0 1 0 0 1 0 0 1 0 0 1 0 0 1 0 0 1 0 0 1 0 0 1 0 0 1 0 0 1 0 0 1 0 0 1 0 0 1 0 0 1 0 0 1 0 0 1 0 0 1 0 0 1 0 0 1 0 0 1 0 0 1 0 0 1 0 0 1 0 0 1 0 0 1 2.2652e-7 0 1 0 0 1 0 0 1 0 0 1 0 3.3553e-4 1 0 3.3553e-4 1 0 3.3553e-4 1 0 0 1 0 0 1 1.15311e-6 5.21948e-7 1 0 0 1 0 0 1 0 0 1 0 0 1 0 0 1 0 0 1 0 0 1 0 0 1 0 0 1 0 0 1 0 0 1 0 0 1 -1.95192e-6 5.48567e-7 1 -4.39345e-6 0 1 4.03642e-6 0 1 9.98312e-6 0 1 -1.98941e-5 0 1 1.48852e-5 0 1</float_array>
          <technique_common>
            <accessor source="#geometry_07f642db_ce2a_4584_a1c5_17e585589d27-mesh-normals-array" count="2051" stride="3">
              <param name="X" type="float"/>
              <param name="Y" type="float"/>
              <param name="Z" type="float"/>
            </accessor>
          </technique_common>
        </source>
        <vertices id="geometry_07f642db_ce2a_4584_a1c5_17e585589d27-mesh-vertices">
          <input semantic="POSITION" source="#geometry_07f642db_ce2a_4584_a1c5_17e585589d27-mesh-positions"/>
        </vertices>
        <triangles material="mat_1-material" count="2260">
          <input semantic="VERTEX" source="#geometry_07f642db_ce2a_4584_a1c5_17e585589d27-mesh-vertices" offset="0"/>
          <input semantic="NORMAL" source="#geometry_07f642db_ce2a_4584_a1c5_17e585589d27-mesh-normals" offset="1"/>
          <p>0 0 1 0 2 0 2 1 1 1 3 1 2 2 3 2 4 2 4 3 3 3 5 3 4 4 5 4 6 4 6 5 5 5 7 5 6 6 7 6 8 6 8 7 7 7 9 7 8 8 9 8 10 8 10 9 9 9 11 9 10 10 11 10 12 10 12 11 11 11 13 11 12 12 13 12 14 12 14 13 13 13 15 13 14 14 15 14 16 14 16 15 15 15 17 15 16 16 17 16 18 16 18 17 17 17 19 17 18 18 19 18 20 18 20 19 19 19 21 19 20 20 21 20 22 20 22 21 21 21 23 21 22 22 23 22 24 22 24 23 23 23 25 23 24 24 25 24 26 24 26 25 25 25 27 25 26 26 27 26 28 26 28 27 27 27 29 27 28 28 29 28 30 28 30 29 29 29 31 29 30 30 31 30 32 30 32 31 31 31 33 31 32 32 33 32 34 32 34 33 33 33 35 33 34 34 35 34 36 34 36 35 35 35 37 35 36 36 37 36 38 36 38 37 37 37 39 37 38 38 39 38 40 38 40 39 39 39 41 39 40 40 41 40 42 40 42 41 41 41 43 41 42 42 43 42 44 42 44 43 43 43 45 43 44 44 45 44 46 44 46 45 45 45 47 45 46 46 47 46 48 46 48 47 47 47 49 47 48 48 49 48 50 48 50 49 49 49 51 49 50 50 51 50 52 50 52 51 51 51 53 51 52 52 53 52 54 52 54 53 53 53 55 53 54 54 55 54 56 54 56 55 55 55 57 55 56 56 57 56 58 56 58 57 57 57 59 57 58 58 59 58 60 58 60 59 59 59 61 59 60 60 61 60 62 60 62 61 61 61 63 61 62 62 63 62 64 62 64 63 63 63 65 63 64 64 65 64 66 64 66 65 65 65 67 65 66 66 67 66 68 66 68 67 67 67 69 67 68 68 69 68 70 68 70 69 69 69 71 69 70 70 71 70 72 70 72 71 71 71 73 71 72 72 73 72 74 72 74 73 73 73 75 73 74 74 75 74 76 74 76 75 75 75 77 75 76 76 77 76 78 76 78 77 77 77 79 77 78 78 79 78 80 78 80 79 79 79 81 79 80 80 81 80 82 80 82 81 81 81 83 81 82 82 83 82 84 82 84 83 83 83 85 83 84 84 85 84 86 84 86 85 85 85 87 85 86 86 87 86 88 86 88 87 87 87 89 87 88 88 89 88 90 88 90 89 89 89 91 89 90 90 91 90 92 90 92 91 91 91 93 91 92 92 93 92 94 92 94 93 93 93 95 93 94 94 95 94 96 94 96 95 95 95 97 95 96 96 97 96 98 96 98 97 97 97 99 97 98 98 99 98 100 98 100 99 99 99 101 99 100 100 101 100 102 100 102 101 101 101 103 101 102 102 103 102 104 102 104 103 103 103 105 103 104 104 105 104 106 104 106 105 105 105 107 105 106 106 107 106 108 106 108 107 107 107 109 107 108 108 109 108 110 108 110 109 109 109 111 109 110 110 111 110 112 110 112 111 111 112 113 113 112 114 113 114 114 114 114 115 113 116 115 117 114 118 115 118 116 118 116 119 115 119 117 119 116 120 117 120 118 120 118 121 117 121 119 121 118 122 119 122 120 122 120 123 119 123 121 123 120 124 121 124 122 124 122 125 121 125 123 125 122 126 123 126 124 126 124 127 123 127 125 127 124 128 125 128 126 128 126 129 125 129 127 129 126 130 127 130 128 130 128 131 127 131 129 131 128 132 129 132 130 132 130 133 129 133 131 133 130 134 131 134 132 134 132 135 131 135 133 135 132 136 133 136 134 136 134 137 133 137 135 137 134 138 135 138 136 138 136 139 135 139 137 139 136 140 137 140 138 140 138 141 137 141 139 141 138 142 139 142 140 142 140 143 139 143 141 143 140 144 141 144 142 144 142 145 141 145 143 145 142 146 143 146 144 146 144 147 143 147 145 147 144 148 145 148 146 148 146 149 145 149 147 149 146 150 147 150 0 150 0 151 147 151 1 151 148 152 149 152 150 152 151 153 149 153 152 153 153 154 149 154 154 154 155 155 149 155 156 155 157 156 149 156 158 156 159 157 149 157 160 157 161 158 149 158 162 158 163 159 149 159 164 159 165 160 149 160 166 160 167 161 149 161 168 161 169 162 149 162 170 162 171 163 149 163 172 163 173 164 149 165 174 164 175 166 149 166 176 166 177 167 149 167 178 167 179 168 149 168 180 168 181 169 149 169 179 169 182 170 149 170 183 170 184 171 149 171 185 171 168 172 149 172 165 172 166 173 149 173 163 173 164 174 149 174 161 174 162 175 149 175 159 175 160 176 149 176 157 176 158 177 149 177 155 177 156 178 149 178 153 178 154 179 149 179 151 179 152 180 149 180 148 180 150 181 149 181 184 181 185 182 149 182 182 182 183 183 149 183 181 183 180 184 149 184 177 184 178 185 149 185 175 185 176 186 149 186 173 186 174 187 149 187 171 187 172 188 149 188 169 188 170 189 149 189 167 189 186 190 187 190 188 190 189 191 187 191 190 191 191 192 187 192 192 192 193 193 187 193 191 193 194 194 187 194 195 194 196 195 187 195 197 195 198 196 187 196 199 196 200 197 187 197 201 197 202 198 187 198 203 198 204 199 187 199 205 199 206 200 187 200 207 200 208 201 187 201 209 201 210 202 187 202 211 202 212 203 187 203 213 203 214 204 187 204 215 204 216 205 187 205 214 205 217 206 187 206 218 206 219 207 187 207 220 207 205 208 187 208 202 208 203 209 187 209 200 209 201 210 187 210 198 210 199 211 187 211 196 211 197 212 187 212 194 212 195 213 187 213 193 213 192 214 187 214 189 214 190 215 187 215 186 215 188 216 187 216 219 216 220 217 187 217 217 217 218 218 187 218 216 218 215 219 187 220 212 221 213 222 187 222 210 222 211 223 187 223 208 223 209 224 187 224 206 224 207 225 187 225 204 225 221 226 222 226 223 226 224 227 222 227 225 227 226 192 222 192 227 192 228 228 222 228 226 228 229 194 222 194 230 194 231 229 222 229 232 229 233 230 222 230 234 230 235 231 222 231 236 231 237 232 222 232 238 232 239 199 222 199 240 199 241 233 222 233 242 233 243 201 222 201 244 201 245 234 222 234 246 234 247 235 222 235 248 235 249 236 222 236 250 236 251 237 222 237 249 237 252 238 222 238 253 238 254 239 222 239 255 239 240 240 222 240 237 240 238 241 222 241 235 241 236 242 222 242 233 242 234 243 222 243 231 243 232 244 222 244 229 244 230 245 222 245 228 245 227 246 222 246 224 246 225 247 222 247 221 247 223 248 222 248 254 248 255 249 222 249 252 249 253 218 222 218 251 218 250 250 222 251 247 252 248 253 222 253 245 253 246 254 222 254 243 254 244 255 222 255 241 255 242 256 222 256 239 256 256 257 257 257 258 257 259 191 257 191 260 191 261 258 257 258 262 258 263 259 257 259 261 259 264 260 257 260 265 260 266 261 257 261 267 261 268 262 257 262 269 262 270 263 257 263 271 263 272 264 257 264 273 264 274 265 257 265 275 265 276 266 257 266 277 266 278 267 257 267 279 267 280 268 257 268 281 268 282 235 257 235 283 235 284 269 257 269 285 269 286 270 257 270 284 270 287 271 257 271 288 271 289 272 257 272 290 272 275 273 257 273 272 273 273 274 257 274 270 274 271 275 257 275 268 275 269 276 257 276 266 276 267 277 257 277 264 277 265 278 257 278 263 278 262 279 257 279 259 279 260 280 257 280 256 280 258 281 257 281 289 281 290 282 257 282 287 282 288 283 257 283 286 283 285 284 257 284 282 284 283 285 257 285 280 285 281 286 257 286 278 286 279 287 257 287 276 287 277 288 257 288 274 288 291 289 292 289 293 289 294 191 292 191 295 191 296 258 292 258 297 258 298 290 292 290 296 290 299 291 292 291 300 291 301 292 292 292 302 292 303 293 292 293 304 293 305 294 292 294 306 294 307 264 292 264 308 264 309 295 292 295 310 295 311 233 292 233 312 233 313 296 292 296 314 296 315 297 292 297 316 297 317 298 292 298 318 298 319 299 292 299 320 299 321 300 292 300 319 300 322 301 292 301 323 301 324 302 292 302 325 302 310 273 292 273 307 273 308 303 292 303 305 303 306 275 292 275 303 275 304 304 292 304 301 304 302 305 292 305 299 305 300 306 292 306 298 306 297 279 292 279 294 279 295 307 292 307 291 307 293 308 292 308 324 308 325 309 292 309 322 309 323 283 292 283 321 283 320 284 292 284 317 284 318 310 292 310 315 310 316 311 292 311 313 311 314 312 292 312 311 312 312 313 292 313 309 313 4 314 326 314 2 314 2 315 326 315 327 315 2 316 327 316 328 316 326 317 4 317 329 317 329 318 4 318 6 318 329 319 6 319 330 319 330 320 6 320 8 320 330 321 8 321 331 321 331 322 8 322 10 322 331 323 10 323 332 323 332 324 10 324 12 324 332 325 12 325 333 325 333 326 12 326 14 326 333 327 14 327 334 327 334 328 14 328 16 328 334 329 16 329 335 329 335 330 16 330 18 330 335 331 18 331 336 331 336 332 18 332 20 332 336 333 20 333 337 333 337 334 20 334 22 334 337 335 22 335 338 335 338 336 22 336 24 336 338 337 24 337 339 337 339 338 24 338 26 338 339 339 26 339 340 339 340 340 26 340 28 340 340 341 28 341 341 341 341 342 28 342 30 342 341 343 30 343 342 343 342 344 30 344 32 344 342 345 32 345 343 345 343 346 32 346 34 346 343 347 34 347 344 347 344 348 34 348 36 348 344 349 36 349 345 349 345 350 36 350 38 350 345 351 38 351 346 351 346 352 38 352 40 352 346 353 40 353 347 353 347 354 40 354 42 354 347 355 42 355 348 355 348 356 42 356 44 356 348 357 44 357 349 357 349 358 44 358 46 358 349 359 46 359 350 359 350 360 46 360 48 360 350 361 48 361 351 361 351 362 48 362 50 362 351 363 50 364 352 365 352 366 50 366 52 366 352 367 52 367 353 367 353 368 52 368 54 368 353 369 54 369 354 369 354 370 54 370 56 370 354 371 56 371 355 371 355 372 56 372 58 372 355 373 58 373 356 373 356 374 58 374 60 374 356 375 60 375 357 375 357 376 60 376 62 376 357 377 62 377 358 377 358 378 62 378 64 378 358 379 64 379 359 379 359 380 64 380 66 380 359 381 66 381 360 381 360 382 66 382 68 382 360 383 68 383 361 383 361 384 68 384 70 384 361 385 70 385 362 385 362 386 70 386 72 386 362 387 72 387 363 387 363 388 72 388 74 388 363 389 74 389 364 389 364 390 74 390 76 390 364 391 76 391 365 391 365 392 76 392 78 392 365 393 78 393 366 393 366 394 78 394 80 394 366 395 80 395 367 395 367 396 80 396 82 396 367 397 82 397 368 397 368 398 82 398 84 398 368 399 84 399 369 399 369 400 84 400 86 400 369 401 86 401 370 401 370 402 86 402 88 402 370 403 88 403 371 403 371 404 88 404 90 404 371 405 90 405 372 405 372 406 90 406 92 406 372 407 92 407 373 407 373 408 92 408 94 408 373 409 94 409 374 409 374 410 94 410 96 410 374 411 96 411 375 411 375 412 96 412 98 412 375 413 98 413 376 413 376 414 98 414 100 414 376 415 100 415 377 415 377 416 100 416 102 416 377 417 102 417 378 417 378 418 102 418 104 418 378 419 104 419 379 419 379 420 104 420 106 420 379 421 106 421 380 421 380 422 106 422 108 422 380 423 108 424 381 425 381 426 108 426 110 426 381 427 110 427 382 427 382 428 110 428 112 428 382 429 112 429 383 429 383 430 112 430 114 430 383 431 114 431 384 431 384 432 114 432 116 432 384 433 116 433 385 433 385 434 116 434 118 434 385 435 118 435 386 435 386 436 118 436 120 436 386 437 120 437 387 437 387 438 120 438 122 438 387 439 122 439 388 439 388 440 122 440 124 440 388 441 124 441 389 441 389 442 124 442 126 442 389 443 126 443 390 443 390 444 126 444 128 444 390 445 128 445 391 445 391 446 128 446 130 446 391 447 130 447 392 447 392 448 130 448 132 448 392 449 132 449 393 449 393 450 132 450 134 450 393 451 134 451 394 451 394 452 134 452 136 452 394 453 136 453 395 453 395 454 136 454 138 454 395 455 138 455 396 455 396 456 138 456 140 456 396 457 140 457 397 457 397 458 140 458 142 458 397 459 142 459 398 459 398 460 142 460 144 460 398 461 144 461 399 461 399 462 144 462 146 462 399 463 146 463 400 463 400 464 146 464 0 464 400 465 0 465 328 465 328 466 0 466 2 466 184 467 401 467 150 467 150 468 401 468 402 468 150 469 402 469 148 469 148 470 402 471 403 472 148 473 403 473 152 473 152 474 403 474 404 474 152 475 404 475 151 475 151 476 404 476 405 476 151 477 405 477 154 477 154 478 405 478 406 478 154 479 406 479 153 479 153 480 406 480 407 480 153 481 407 481 156 481 156 482 407 482 408 482 156 483 408 483 155 483 155 484 408 484 409 484 155 485 409 485 158 485 158 486 409 487 410 488 158 489 410 489 157 489 157 490 410 490 411 490 157 491 411 491 160 491 160 492 411 492 412 492 160 493 412 493 159 493 159 494 412 494 413 494 159 495 413 495 162 495 162 496 413 496 414 496 162 497 414 497 161 497 161 498 414 498 415 498 161 499 415 499 164 499 164 500 415 500 416 500 164 501 416 501 163 501 163 502 416 502 417 502 163 503 417 503 166 503 166 504 417 504 418 504 166 505 418 505 165 505 165 506 418 507 419 508 165 509 419 509 168 509 168 510 419 511 420 512 168 513 420 513 167 513 167 514 420 515 421 516 167 517 421 517 170 517 170 518 421 519 422 520 170 521 422 521 169 521 169 522 422 522 423 522 169 523 423 523 172 523 172 524 423 524 424 524 172 525 424 525 171 525 171 526 424 526 425 526 171 527 425 527 174 527 174 528 425 528 426 528 174 529 426 529 173 529 173 530 426 530 427 530 173 531 427 531 176 531 176 532 427 532 428 532 176 533 428 533 175 533 175 534 428 534 429 534 175 535 429 535 178 535 178 536 429 536 430 536 178 537 430 537 177 537 177 538 430 538 431 538 177 539 431 539 180 539 180 540 431 540 432 540 180 541 432 541 179 541 179 542 432 542 433 542 179 543 433 543 181 543 181 544 433 544 434 544 181 545 434 545 183 545 183 546 434 546 435 546 183 547 435 547 182 547 182 548 435 548 436 548 182 549 436 549 185 549 185 550 436 550 437 550 185 551 437 551 184 551 184 552 437 552 401 552 219 553 438 553 188 553 188 553 438 553 439 553 188 554 439 554 186 554 186 555 439 555 440 555 186 556 440 556 190 556 190 557 440 557 441 557 190 558 441 558 189 558 189 559 441 559 442 559 189 560 442 560 192 560 192 561 442 561 443 561 192 562 443 562 191 562 191 563 443 563 444 563 191 564 444 564 193 564 193 565 444 565 445 565 193 566 445 566 195 566 195 567 445 567 446 567 195 568 446 568 194 568 194 569 446 569 447 569 194 570 447 570 197 570 197 570 447 570 448 570 197 571 448 571 196 571 196 572 448 572 449 572 196 573 449 573 199 573 199 574 449 574 450 574 199 575 450 575 198 575 198 576 450 576 451 576 198 577 451 577 201 577 201 578 451 578 452 578 201 579 452 579 200 579 200 580 452 580 453 580 200 581 453 581 203 581 203 582 453 582 454 582 203 583 454 584 202 585 202 586 454 587 455 588 202 589 455 589 205 589 205 590 455 590 456 590 205 591 456 591 204 591 204 591 456 591 457 591 204 592 457 593 207 594 207 595 457 596 458 597 207 598 458 598 206 598 206 599 458 599 459 599 206 600 459 601 209 602 209 603 459 603 460 603 209 604 460 604 208 604 208 605 460 605 461 605 208 606 461 606 211 606 211 607 461 607 462 607 211 608 462 608 210 608 210 608 462 608 463 608 210 609 463 609 213 609 213 610 463 610 464 610 213 611 464 611 212 611 212 611 464 611 465 611 212 612 465 612 215 612 215 613 465 613 466 613 215 614 466 614 214 614 214 615 466 615 467 615 214 616 467 616 216 616 216 617 467 617 468 617 216 618 468 618 218 618 218 619 468 620 469 621 218 622 469 622 217 622 217 623 469 623 470 623 217 624 470 624 220 624 220 625 470 625 471 625 220 626 471 626 219 626 219 627 471 627 438 627 472 591 457 591 473 591 473 591 457 591 456 591 473 589 456 589 474 589 474 589 456 589 455 589 474 628 455 629 475 630 475 631 455 632 454 633 475 634 454 634 476 634 476 635 454 635 453 635 476 636 453 637 477 638 477 639 453 639 452 639 477 640 452 640 478 640 478 641 452 641 451 641 478 642 451 642 479 642 479 643 451 643 450 643 479 644 450 644 480 644 480 645 450 645 449 645 480 646 449 646 481 646 481 647 449 647 448 647 481 648 448 648 482 648 482 649 448 649 447 649 482 650 447 650 483 650 483 651 447 651 446 651 483 652 446 652 484 652 484 653 446 653 445 653 484 654 445 654 485 654 485 655 445 655 444 655 485 656 444 656 486 656 486 657 444 657 443 657 486 658 443 658 487 658 487 659 443 659 442 659 487 660 442 660 488 660 488 661 442 661 441 661 488 662 441 662 489 662 489 663 441 663 440 663 489 555 440 555 490 555 490 555 440 555 439 555 490 553 439 553 491 553 491 553 439 553 438 553 491 664 438 664 492 664 492 664 438 664 471 664 492 625 471 625 493 625 493 665 471 665 470 665 493 666 470 666 494 666 494 667 470 667 469 667 494 668 469 668 495 668 495 669 469 669 468 669 495 670 468 670 496 670 496 671 468 671 467 671 496 672 467 672 497 672 497 673 467 673 466 673 497 674 466 674 498 674 498 675 466 675 465 675 498 676 465 676 499 676 499 676 465 676 464 676 499 677 464 677 500 677 500 678 464 678 463 678 500 679 463 679 501 679 501 680 463 680 462 680 501 681 462 681 502 681 502 682 462 682 461 682 502 683 461 683 503 683 503 684 461 684 460 684 503 685 460 685 504 685 504 686 460 686 459 686 504 687 459 687 505 687 505 688 459 688 458 688 505 689 458 690 472 596 472 691 458 692 457 693 254 553 506 553 223 553 223 553 506 553 507 553 223 554 507 554 221 554 221 555 507 555 508 555 221 694 508 695 225 696 225 697 508 698 509 699 225 558 509 558 224 558 224 559 509 559 510 559 224 700 510 701 227 702 227 561 510 561 511 561 227 562 511 562 226 562 226 563 511 563 512 563 226 703 512 703 228 703 228 704 512 704 513 704 228 705 513 705 230 705 230 706 513 706 514 706 230 568 514 568 229 568 229 569 514 569 515 569 229 570 515 570 232 570 232 570 515 570 516 570 232 571 516 571 231 571 231 572 516 572 517 572 231 573 517 573 234 573 234 574 517 574 518 574 234 707 518 707 233 707 233 708 518 708 519 708 233 577 519 577 236 577 236 578 519 578 520 578 236 579 520 579 235 579 235 580 520 580 521 580 235 581 521 581 238 581 238 582 521 582 522 582 238 709 522 709 237 709 237 710 522 710 523 710 237 589 523 589 240 589 240 590 523 590 524 590 240 591 524 591 239 591 239 591 524 591 525 591 239 711 525 711 242 711 242 712 525 712 526 712 242 598 526 598 241 598 241 599 526 599 527 599 241 713 527 713 244 713 244 603 527 603 528 603 244 604 528 604 243 604 243 605 528 605 529 605 243 714 529 714 246 714 246 715 529 715 530 715 246 608 530 608 245 608 245 608 530 608 531 608 245 609 531 609 248 609 248 610 531 610 532 610 248 611 532 611 247 611 247 611 532 611 533 611 247 612 533 612 250 612 250 613 533 613 534 613 250 716 534 716 249 716 249 716 534 716 535 716 249 717 535 717 251 717 251 718 535 718 536 718 251 618 536 618 253 618 253 719 536 719 537 719 253 622 537 622 252 622 252 623 537 623 538 623 252 624 538 624 255 624 255 625 538 625 539 625 255 720 539 721 254 722 254 723 539 724 506 725 540 591 525 591 541 591 541 591 525 591 524 591 541 589 524 589 542 589 542 589 524 589 523 589 542 726 523 726 543 726 543 727 523 727 522 727 543 728 522 728 544 728 544 729 522 729 521 729 544 730 521 730 545 730 545 731 521 731 520 731 545 640 520 640 546 640 546 641 520 641 519 641 546 732 519 732 547 732 547 733 519 733 518 733 547 644 518 644 548 644 548 645 518 645 517 645 548 646 517 646 549 646 549 647 517 647 516 647 549 734 516 734 550 734 550 734 516 734 515 734 550 735 515 735 551 735 551 736 515 736 514 736 551 737 514 737 552 737 552 738 514 738 513 738 552 739 513 739 553 739 553 704 513 704 512 704 553 740 512 740 554 740 554 657 512 657 511 657 554 741 511 741 555 741 555 742 511 743 510 744 555 745 510 745 556 745 556 661 510 661 509 661 556 746 509 747 557 748 557 749 509 750 508 751 557 555 508 555 558 555 558 555 508 555 507 555 558 752 507 752 559 752 559 753 507 753 506 753 559 754 506 755 560 756 560 757 506 722 539 758 560 625 539 625 561 625 561 759 539 759 538 759 561 760 538 761 562 762 562 667 538 667 537 667 562 668 537 668 563 668 563 668 537 668 536 668 563 763 536 763 564 763 564 764 536 764 535 764 564 765 535 765 565 765 565 766 535 766 534 766 565 674 534 674 566 674 566 675 534 675 533 675 566 767 533 767 567 767 567 768 533 768 532 768 567 677 532 677 568 677 568 678 532 678 531 678 568 679 531 679 569 679 569 680 531 680 530 680 569 714 530 714 570 714 570 769 530 769 529 769 570 683 529 683 571 683 571 684 529 684 528 684 571 770 528 770 572 770 572 771 528 771 527 771 572 772 527 772 573 772 573 773 527 773 526 773 573 712 526 712 540 712 540 712 526 712 525 712 289 774 574 774 258 774 258 775 574 775 575 775 258 776 575 776 256 776 256 777 575 777 576 777 256 778 576 779 260 780 260 781 576 782 577 783 260 784 577 784 259 784 259 785 577 785 578 785 259 786 578 787 262 788 262 789 578 789 579 789 262 790 579 790 261 790 261 791 579 791 580 791 261 792 580 792 263 792 263 793 580 793 581 793 263 794 581 794 265 794 265 795 581 795 582 795 265 796 582 796 264 796 264 797 582 797 583 797 264 570 583 570 267 570 267 570 583 570 584 570 267 798 584 798 266 798 266 799 584 799 585 799 266 800 585 800 269 800 269 801 585 801 586 801 269 802 586 802 268 802 268 803 586 803 587 803 268 804 587 804 271 804 271 805 587 806 588 807 271 808 588 808 270 808 270 730 588 730 589 730 270 809 589 809 273 809 273 810 589 810 590 810 273 811 590 811 272 811 272 812 590 812 591 812 272 813 591 813 275 813 275 814 591 814 592 814 275 815 592 815 274 815 274 816 592 816 593 816 274 817 593 817 277 817 277 818 593 818 594 818 277 819 594 819 276 819 276 598 594 598 595 598 276 820 595 820 279 820 279 603 595 603 596 603 279 821 596 821 278 821 278 822 596 822 597 822 278 823 597 823 281 823 281 824 597 824 598 824 281 825 598 825 280 825 280 826 598 826 599 826 280 827 599 827 283 827 283 827 599 827 600 827 283 611 600 611 282 611 282 611 600 611 601 611 282 828 601 828 285 828 285 828 601 828 602 828 285 829 602 829 284 829 284 830 602 830 603 830 284 831 603 831 286 831 286 832 603 832 604 832 286 833 604 833 288 833 288 834 604 834 605 834 288 622 605 622 287 622 287 835 605 835 606 835 287 624 606 624 290 624 290 836 606 836 607 836 290 837 607 838 289 839 289 840 607 841 574 842 608 843 593 843 609 843 609 843 593 843 592 843 609 844 592 844 610 844 610 844 592 844 591 844 610 812 591 812 611 812 611 845 591 845 590 845 611 846 590 846 612 846 612 847 590 847 589 847 612 848 589 848 613 848 613 849 589 849 588 849 613 850 588 850 614 850 614 851 588 851 587 851 614 852 587 852 615 852 615 853 587 853 586 853 615 854 586 854 616 854 616 855 586 855 585 855 616 856 585 856 617 856 617 857 585 857 584 857 617 734 584 734 618 734 618 734 584 734 583 734 618 858 583 858 619 858 619 859 583 859 582 859 619 860 582 860 620 860 620 861 582 861 581 861 620 862 581 862 621 862 621 863 581 863 580 863 621 864 580 864 622 864 622 865 580 865 579 865 622 866 579 866 623 866 623 867 579 867 578 867 623 868 578 868 624 868 624 869 578 869 577 869 624 870 577 871 625 872 625 873 577 874 576 875 625 876 576 876 626 876 626 877 576 877 575 877 626 878 575 878 627 878 627 878 575 878 574 878 627 879 574 880 628 881 628 882 574 883 607 884 628 885 607 885 629 885 629 625 607 625 606 625 629 886 606 887 630 888 630 889 606 889 605 889 630 890 605 890 631 890 631 891 605 891 604 891 631 892 604 892 632 892 632 893 604 893 603 893 632 894 603 894 633 894 633 895 603 895 602 895 633 896 602 896 634 896 634 897 602 897 601 897 634 767 601 767 635 767 635 767 601 767 600 767 635 898 600 898 636 898 636 899 600 899 599 899 636 900 599 900 637 900 637 901 599 901 598 901 637 902 598 902 638 902 638 903 598 903 597 903 638 904 597 904 639 904 639 905 597 905 596 905 639 906 596 906 640 906 640 907 596 907 595 907 640 908 595 908 641 908 641 773 595 773 594 773 641 909 594 909 608 909 608 910 594 910 593 910 324 774 642 774 293 774 293 775 642 775 643 775 293 776 643 776 291 776 291 777 643 777 644 777 291 911 644 911 295 911 295 912 644 912 645 912 295 784 645 784 294 784 294 785 645 785 646 785 294 913 646 913 297 913 297 789 646 789 647 789 297 790 647 790 296 790 296 791 647 791 648 791 296 914 648 914 298 914 298 915 648 915 649 915 298 916 649 916 300 916 300 917 649 917 650 917 300 796 650 796 299 796 299 797 650 797 651 797 299 570 651 570 302 570 302 570 651 570 652 570 302 798 652 798 301 798 301 799 652 799 653 799 301 800 653 800 304 800 304 801 653 801 654 801 304 918 654 918 303 918 303 919 654 919 655 919 303 804 655 804 306 804 306 920 655 920 656 920 306 808 656 808 305 808 305 730 656 730 657 730 305 809 657 809 308 809 308 810 657 810 658 810 308 921 658 922 307 923 307 924 658 925 659 926 307 813 659 813 310 813 310 814 659 814 660 814 310 815 660 815 309 815 309 816 660 816 661 816 309 927 661 928 312 929 312 930 661 931 662 932 312 819 662 819 311 819 311 598 662 598 663 598 311 933 663 934 314 935 314 603 663 603 664 603 314 821 664 821 313 821 313 822 664 822 665 822 313 936 665 936 316 936 316 937 665 937 666 937 316 825 666 825 315 825 315 826 666 826 667 826 315 827 667 827 318 827 318 827 667 827 668 827 318 611 668 611 317 611 317 611 668 611 669 611 317 828 669 828 320 828 320 828 669 828 670 828 320 938 670 938 319 938 319 939 670 939 671 939 319 940 671 940 321 940 321 941 671 941 672 941 321 833 672 833 323 833 323 834 672 834 673 834 323 622 673 622 322 622 322 835 673 835 674 835 322 624 674 624 325 624 325 836 674 836 675 836 325 942 675 942 324 942 324 943 675 943 642 943 676 843 661 843 677 843 677 843 661 843 660 843 677 844 660 844 678 844 678 844 660 844 659 844 678 944 659 945 679 925 679 946 659 947 658 948 679 949 658 949 680 949 680 950 658 950 657 950 680 951 657 952 681 953 681 954 657 954 656 954 681 850 656 850 682 850 682 851 656 851 655 851 682 955 655 955 683 955 683 956 655 956 654 956 683 854 654 854 684 854 684 855 654 855 653 855 684 856 653 856 685 856 685 857 653 857 652 857 685 648 652 648 686 648 686 957 652 957 651 957 686 858 651 858 687 858 687 859 651 859 650 859 687 958 650 958 688 958 688 959 650 959 649 959 688 960 649 960 689 960 689 961 649 961 648 961 689 962 648 962 690 962 690 865 648 865 647 865 690 866 647 866 691 866 691 963 647 963 646 963 691 964 646 964 692 964 692 869 646 869 645 869 692 965 645 965 693 965 693 966 645 966 644 966 693 967 644 967 694 967 694 967 644 967 643 967 694 878 643 878 695 878 695 878 643 878 642 878 695 968 642 968 696 968 696 969 642 969 675 969 696 885 675 885 697 885 697 970 675 970 674 970 697 971 674 971 698 971 698 972 674 972 673 972 698 890 673 890 699 890 699 973 673 973 672 973 699 974 672 974 700 974 700 975 672 975 671 975 700 976 671 976 701 976 701 977 671 977 670 977 701 978 670 978 702 978 702 979 670 979 669 979 702 980 669 980 703 980 703 676 669 676 668 676 703 898 668 898 704 898 704 899 668 899 667 899 704 900 667 900 705 900 705 901 667 901 666 901 705 981 666 981 706 981 706 982 666 982 665 982 706 904 665 904 707 904 707 905 665 905 664 905 707 983 664 983 708 983 708 984 664 985 663 986 708 987 663 987 709 987 709 688 663 688 662 688 709 988 662 989 676 990 676 991 662 992 661 993 710 994 711 995 712 996 712 997 711 997 713 997 712 998 713 998 714 998 713 999 711 999 715 999 715 1000 711 1000 716 1000 715 1001 716 1001 717 1001 717 1002 716 1002 718 1002 717 1003 718 1003 719 1003 719 1004 718 1004 720 1004 719 1005 720 1005 721 1005 721 1006 720 1006 722 1006 721 1007 722 1007 723 1007 723 1008 722 1008 724 1008 723 1009 724 1009 725 1009 725 1010 724 1010 726 1010 725 1011 726 1011 727 1011 727 1012 726 1012 728 1012 727 1013 728 1013 729 1013 729 1014 728 1014 730 1014 729 1015 730 1015 731 1015 731 1016 730 1016 732 1016 731 1017 732 1017 733 1017 733 1018 732 1018 734 1018 733 1019 734 1019 735 1019 735 1020 734 1020 736 1020 735 1021 736 1021 737 1021 737 1022 736 1022 738 1022 737 1023 738 1023 739 1023 739 1024 738 1024 740 1024 739 1025 740 1025 741 1025 741 1026 740 1026 742 1026 741 1027 742 1027 743 1027 743 1028 742 1028 744 1028 743 1029 744 1029 745 1029 745 1030 744 1031 746 1031 745 1032 746 1032 747 1032 747 1033 746 1033 748 1033 747 1034 748 1034 749 1034 749 1035 748 1035 750 1035 749 1036 750 1036 751 1036 751 1037 750 1037 752 1037 751 1038 752 1038 753 1038 751 1039 753 1039 754 1039 754 1040 753 1040 755 1040 754 1041 755 1041 756 1041 756 1042 755 1042 757 1042 756 1043 757 1043 758 1043 758 1044 757 1044 759 1044 758 1045 759 1045 760 1045 760 1046 759 1046 761 1046 760 1047 761 1047 762 1047 762 1048 761 1048 763 1048 762 1049 763 1049 764 1049 764 1050 763 1050 765 1050 764 1051 765 1051 766 1051 766 1052 765 1052 767 1052 766 1053 767 1053 768 1053 768 1054 767 1054 769 1054 768 1055 769 1055 770 1055 770 1056 769 1056 771 1056 770 1057 771 1057 772 1057 772 1058 771 1058 773 1058 772 1059 773 1059 774 1059 774 1060 773 1060 775 1060 774 1061 775 1061 776 1061 776 1062 775 1062 777 1062 776 1063 777 1063 778 1063 778 1064 777 1064 779 1064 778 1065 779 1065 780 1065 780 1066 779 1066 781 1066 780 1067 781 1067 782 1067 782 1068 781 1068 783 1068 782 1069 783 1069 784 1069 784 1070 783 1070 785 1070 784 1071 785 1071 786 1071 786 1072 785 1072 787 1072 786 1073 787 1073 788 1073 788 1074 787 1074 789 1074 788 1075 789 1075 790 1075 790 1076 789 1076 791 1076 790 1077 791 1077 792 1077 792 1078 791 1078 793 1078 792 1079 793 1079 794 1079 794 1080 793 1080 795 1080 794 1081 795 1081 796 1081 796 1082 795 1082 797 1082 796 1083 797 1083 798 1083 798 1084 797 1084 799 1084 798 1085 799 1085 800 1085 800 1086 799 1086 801 1086 800 1087 801 1087 802 1087 802 1088 801 1088 803 1088 802 1089 803 1089 804 1089 804 1090 803 1090 805 1090 804 1091 805 1091 806 1091 806 1092 805 1092 807 1092 806 1093 807 1093 808 1093 808 1094 807 1094 809 1094 808 1095 809 1095 810 1095 810 1096 809 1096 811 1096 810 1097 811 1097 812 1097 812 1098 811 1098 813 1098 812 1099 813 1099 814 1099 814 1100 813 1100 815 1100 814 1101 815 1101 816 1101 816 1102 815 1102 817 1102 816 1103 817 1103 818 1103 818 1104 817 1104 819 1104 818 1105 819 1105 820 1105 820 1106 819 1106 821 1106 820 1107 821 1107 822 1107 822 1108 821 1108 823 1108 822 1109 823 1109 824 1109 824 1110 823 1110 825 1110 824 1111 825 1111 826 1111 826 1112 825 1112 827 1112 826 1113 827 1113 828 1113 828 1114 827 1114 829 1114 828 1115 829 1115 830 1115 830 1116 829 1116 831 1116 830 1117 831 1117 832 1117 832 1118 831 1118 833 1118 832 1119 833 1119 834 1119 834 1120 833 1120 835 1120 834 1121 835 1121 836 1121 836 1122 835 1123 837 1123 836 1124 837 1124 838 1124 838 1125 837 1126 839 1127 838 1128 839 1128 840 1128 840 1129 839 1129 841 1129 840 1130 841 1130 842 1130 842 1131 841 1131 843 1131 842 1132 843 1132 844 1132 844 1133 843 1133 845 1133 844 1134 845 1134 846 1134 846 1135 845 1135 847 1135 846 1136 847 1136 848 1136 848 1137 847 1137 849 1137 848 1138 849 1138 850 1138 850 1139 849 1139 851 1139 850 1140 851 1140 852 1140 852 1141 851 1141 853 1141 852 1142 853 1142 854 1142 854 1143 853 1143 855 1143 854 1144 855 1144 856 1144 856 1145 855 1145 857 1145 856 1146 857 1146 858 1146 858 1147 857 1147 859 1147 858 1148 859 1148 860 1148 860 1149 859 1149 861 1149 860 1150 861 1150 862 1150 862 1151 861 1151 863 1151 862 1152 863 1152 864 1152 864 1153 863 1153 865 1153 864 1154 865 1154 866 1154 866 1155 865 1155 867 1155 866 1156 867 1156 868 1156 868 1157 867 1157 869 1157 868 1158 869 1158 870 1158 870 1159 869 1159 871 1159 870 1160 871 1160 872 1160 872 1161 871 1161 873 1161 872 1162 873 1162 874 1162 874 1163 873 1163 875 1163 874 1164 875 1164 876 1164 876 1165 875 1165 877 1165 876 1166 877 1166 878 1166 878 1167 877 1167 879 1167 878 1168 879 1168 880 1168 880 1169 879 1169 881 1169 880 1170 881 1170 882 1170 882 1171 881 1171 883 1171 882 1172 883 1172 884 1172 884 1173 883 1173 885 1173 884 1174 885 1174 886 1174 886 1175 885 1175 887 1175 886 1176 887 1176 888 1176 888 1177 887 1177 889 1177 888 1178 889 1178 890 1178 890 1179 889 1179 891 1179 890 1180 891 1180 892 1180 892 1181 891 1181 893 1181 892 1182 893 1182 894 1182 894 1183 893 1183 895 1183 894 1184 895 1184 896 1184 896 1185 895 1185 897 1185 896 1186 897 1186 898 1186 898 1187 897 1187 899 1187 898 1188 899 1189 900 1190 900 1191 899 1191 901 1191 900 1192 901 1192 902 1192 902 1193 901 1193 903 1193 902 1194 903 1194 904 1194 904 1195 903 1195 905 1195 904 1196 905 1196 906 1196 906 1197 905 1197 907 1197 906 1198 907 1198 908 1198 908 1199 907 1199 909 1199 908 1200 909 1200 910 1200 910 1201 909 1201 911 1201 910 1202 911 1202 912 1202 912 1203 911 1203 913 1203 912 1204 913 1204 914 1204 914 1205 913 1205 915 1205 914 1206 915 1206 916 1206 916 1207 915 1207 917 1207 916 1208 917 1208 918 1208 916 1209 918 1209 714 1209 714 1210 918 1210 712 1210 919 1211 920 1211 921 1211 921 1212 920 1212 922 1212 921 1213 922 1213 923 1213 920 1214 919 1214 711 1214 711 1215 919 1215 924 1215 711 1216 924 1216 716 1216 716 1217 924 1217 925 1217 716 1218 925 1218 718 1218 718 1219 925 1219 926 1219 718 1220 926 1220 720 1220 720 1221 926 1221 927 1221 720 1222 927 1222 722 1222 722 1223 927 1223 928 1223 722 1224 928 1224 724 1224 724 1225 928 1225 929 1225 724 1226 929 1226 726 1226 726 1227 929 1227 930 1227 726 1228 930 1228 728 1228 728 1229 930 1229 931 1229 728 1230 931 1230 730 1230 730 1231 931 1231 932 1231 730 1232 932 1232 732 1232 732 1233 932 1233 933 1233 732 1234 933 1234 734 1234 734 1235 933 1235 934 1235 734 1236 934 1236 736 1236 736 1237 934 1237 935 1237 736 1238 935 1238 738 1238 738 1239 935 1239 936 1239 738 1240 936 1240 740 1240 740 1241 936 1241 937 1241 740 1242 937 1242 742 1242 742 1243 937 1243 938 1243 742 1244 938 1244 744 1244 744 1245 938 1245 939 1245 744 1246 939 1246 746 1246 746 1247 939 1247 940 1247 746 1248 940 1248 748 1248 748 1249 940 1249 941 1249 748 1250 941 1250 750 1250 750 1251 941 1251 942 1251 750 1252 942 1252 752 1252 752 1253 942 1253 943 1253 752 1254 943 1254 753 1254 753 1255 943 1255 944 1255 753 1256 944 1256 755 1256 755 1257 944 1257 945 1257 755 1258 945 1258 757 1258 757 1259 945 1259 946 1259 757 1260 946 1260 759 1260 759 1261 946 1261 947 1261 759 1262 947 1262 761 1262 761 1263 947 1263 948 1263 761 1264 948 1264 763 1264 763 1265 948 1265 949 1265 763 1266 949 1266 765 1266 765 1267 949 1267 950 1267 765 1268 950 1268 767 1268 767 1269 950 1269 951 1269 767 1270 951 1270 769 1270 769 1271 951 1271 952 1271 769 1272 952 1272 771 1272 771 1273 952 1273 953 1273 771 1274 953 1274 773 1274 773 1275 953 1275 954 1275 773 1276 954 1276 775 1276 775 1277 954 1277 955 1277 775 1278 955 1278 777 1278 777 1279 955 1279 956 1279 777 1280 956 1280 779 1280 779 1281 956 1281 957 1281 779 1282 957 1282 781 1282 781 1283 957 1283 958 1283 781 1284 958 1284 783 1284 783 1285 958 1285 959 1285 783 1286 959 1286 785 1286 785 1287 959 1287 960 1287 785 1288 960 1288 787 1288 787 1289 960 1289 961 1289 787 1290 961 1290 789 1290 789 1291 961 1291 962 1291 789 1292 962 1292 791 1292 791 1293 962 1293 963 1293 791 1294 963 1294 793 1294 793 1295 963 1295 964 1295 793 1296 964 1296 795 1296 795 1297 964 1297 965 1297 795 1298 965 1298 797 1298 797 1299 965 1299 966 1299 797 1300 966 1300 799 1300 799 1301 966 1301 967 1301 799 1302 967 1302 801 1302 801 1303 967 1303 968 1303 801 1304 968 1304 803 1304 803 1305 968 1305 969 1305 803 1306 969 1306 805 1306 805 1307 969 1307 970 1307 805 1308 970 1308 807 1308 807 1309 970 1309 971 1309 807 1310 971 1310 809 1310 809 1311 971 1311 972 1311 809 1312 972 1312 811 1312 811 1313 972 1313 973 1313 811 1314 973 1314 813 1314 813 1315 973 1315 974 1315 813 1316 974 1316 815 1316 815 1317 974 1317 975 1317 815 1318 975 1318 817 1318 817 1319 975 1319 976 1319 817 1320 976 1320 819 1320 819 1321 976 1321 977 1321 819 1322 977 1322 821 1322 821 1323 977 1323 978 1323 821 1324 978 1324 823 1324 823 1325 978 1325 979 1325 823 1326 979 1326 825 1326 825 1327 979 1327 980 1327 825 1328 980 1328 827 1328 827 1329 980 1329 981 1329 827 1330 981 1330 829 1330 829 1331 981 1331 982 1331 829 1332 982 1332 831 1332 831 1333 982 1333 983 1333 831 1334 983 1334 833 1334 833 1335 983 1335 984 1335 833 1336 984 1336 835 1336 835 1337 984 1337 985 1337 835 1338 985 1338 837 1338 837 1339 985 1339 986 1339 837 1340 986 1340 839 1340 839 1341 986 1341 987 1341 839 1342 987 1342 841 1342 841 1343 987 1343 988 1343 841 1344 988 1344 843 1344 843 1345 988 1345 989 1345 843 1346 989 1346 845 1346 845 1347 989 1347 990 1347 845 1348 990 1348 847 1348 847 1349 990 1349 991 1349 847 1350 991 1350 849 1350 849 1351 991 1351 992 1351 849 1352 992 1352 851 1352 851 1353 992 1353 993 1353 851 1354 993 1354 853 1354 853 1355 993 1355 994 1355 853 1356 994 1356 855 1356 855 1357 994 1357 995 1357 855 1358 995 1358 857 1358 857 1359 995 1359 996 1359 857 1360 996 1360 859 1360 859 1361 996 1361 997 1361 859 1362 997 1362 861 1362 861 1363 997 1363 998 1363 861 1364 998 1364 863 1364 863 1365 998 1365 999 1365 863 1366 999 1366 865 1366 865 1367 999 1367 1000 1367 865 1368 1000 1368 867 1368 867 1369 1000 1369 1001 1369 867 1370 1001 1370 869 1370 869 1371 1001 1371 1002 1371 869 1372 1002 1372 871 1372 871 1373 1002 1373 1003 1373 871 1374 1003 1374 873 1374 873 1375 1003 1375 1004 1375 873 1376 1004 1376 875 1376 875 1377 1004 1377 1005 1377 875 1378 1005 1378 877 1378 877 1379 1005 1379 1006 1379 877 1380 1006 1380 879 1380 879 1381 1006 1381 1007 1381 879 1382 1007 1382 881 1382 881 1383 1007 1383 1008 1383 881 1384 1008 1384 883 1384 883 1385 1008 1385 1009 1385 883 1386 1009 1386 885 1386 885 1387 1009 1387 1010 1387 885 1388 1010 1388 887 1388 887 1389 1010 1389 1011 1389 887 1390 1011 1390 889 1390 889 1391 1011 1391 1012 1391 889 1392 1012 1392 891 1392 891 1393 1012 1393 1013 1393 891 1394 1013 1394 893 1394 893 1395 1013 1395 1014 1395 893 1396 1014 1396 895 1396 895 1397 1014 1397 1015 1397 895 1398 1015 1398 897 1398 897 1399 1015 1399 1016 1399 897 1400 1016 1400 899 1400 899 1401 1016 1401 1017 1401 899 1402 1017 1402 901 1402 901 1403 1017 1403 1018 1403 901 1404 1018 1404 903 1404 903 1405 1018 1405 1019 1405 903 1406 1019 1406 905 1406 905 1407 1019 1407 1020 1407 905 1408 1020 1408 907 1408 907 1409 1020 1409 1021 1409 907 1410 1021 1410 909 1410 909 1411 1021 1411 1022 1411 909 1412 1022 1412 911 1412 911 1413 1022 1413 1023 1413 911 1414 1023 1414 913 1414 913 1415 1023 1415 1024 1415 913 1416 1024 1416 915 1416 915 1417 1024 1417 1025 1417 915 1418 1025 1418 917 1418 917 1419 1025 1419 1026 1419 1026 1420 1025 1420 921 1420 1026 1421 921 1421 923 1421 711 1422 710 1422 920 1422 1025 1423 1027 1423 921 1423 921 1424 1027 1424 1028 1424 921 1425 1028 1425 919 1425 919 1426 1028 1426 1029 1426 919 1427 1029 1427 924 1427 924 1428 1029 1428 1030 1428 924 1429 1030 1429 925 1429 925 1430 1030 1430 1031 1430 925 1431 1031 1431 926 1431 926 1432 1031 1432 1032 1432 926 1433 1032 1433 927 1433 927 1434 1032 1434 1033 1434 927 1435 1033 1435 928 1435 928 1436 1033 1436 1034 1436 928 1437 1034 1437 929 1437 929 1438 1034 1438 1035 1438 929 1439 1035 1439 930 1439 930 1440 1035 1440 1036 1440 930 1441 1036 1441 931 1441 931 1442 1036 1442 1037 1442 931 1443 1037 1443 932 1443 932 1444 1037 1444 1038 1444 932 1445 1038 1445 933 1445 933 1446 1038 1446 1039 1446 933 1447 1039 1447 934 1447 934 1448 1039 1448 1040 1448 934 1449 1040 1449 935 1449 935 1450 1040 1450 1041 1450 935 1451 1041 1451 936 1451 936 1452 1041 1452 1042 1452 936 1453 1042 1453 937 1453 937 1454 1042 1454 1043 1454 937 1455 1043 1455 938 1455 938 1456 1043 1456 1044 1456 938 1457 1044 1457 939 1457 939 1458 1044 1458 1045 1458 939 1459 1045 1459 940 1459 940 1460 1045 1460 1046 1460 940 1461 1046 1461 941 1461 941 1462 1046 1462 1047 1462 941 1463 1047 1463 942 1463 942 1464 1047 1464 1048 1464 942 1465 1048 1465 943 1465 943 1466 1048 1466 1049 1466 943 1467 1049 1467 944 1467 944 1468 1049 1468 1050 1468 944 1469 1050 1469 945 1469 945 1470 1050 1470 1051 1470 945 1471 1051 1471 946 1471 946 1472 1051 1472 1052 1472 946 1473 1052 1473 947 1473 947 1474 1052 1474 1053 1474 947 1475 1053 1475 948 1475 948 1476 1053 1476 1054 1476 948 1477 1054 1477 949 1477 949 1478 1054 1478 1055 1478 949 1479 1055 1479 950 1479 950 1480 1055 1480 1056 1480 950 1481 1056 1481 951 1481 951 1482 1056 1482 1057 1482 951 1483 1057 1483 952 1483 952 1484 1057 1484 1058 1484 952 1485 1058 1485 953 1485 953 1486 1058 1486 1059 1486 953 1487 1059 1487 954 1487 954 1488 1059 1488 1060 1488 954 1489 1060 1489 955 1489 955 1490 1060 1490 1061 1490 955 1491 1061 1491 956 1491 956 1492 1061 1492 1062 1492 956 1493 1062 1493 957 1493 957 1494 1062 1494 1063 1494 957 1495 1063 1495 958 1495 958 1496 1063 1496 1064 1496 958 1497 1064 1497 959 1497 959 1498 1064 1498 1065 1498 959 1499 1065 1499 960 1499 960 1500 1065 1500 1066 1500 960 1501 1066 1501 961 1501 961 1502 1066 1502 1067 1502 961 1503 1067 1503 962 1503 962 1504 1067 1504 1068 1504 962 1505 1068 1505 963 1505 963 1506 1068 1506 1069 1506 963 1507 1069 1507 964 1507 964 1508 1069 1508 1070 1508 964 1509 1070 1509 965 1509 965 1510 1070 1510 1071 1510 965 1511 1071 1511 966 1511 966 1512 1071 1512 1072 1512 966 1513 1072 1513 967 1513 967 1514 1072 1514 1073 1514 967 1515 1073 1515 968 1515 968 1516 1073 1516 1074 1516 968 1517 1074 1517 969 1517 969 1518 1074 1518 1075 1518 969 1519 1075 1519 970 1519 970 1520 1075 1520 1076 1520 970 1521 1076 1521 971 1521 971 1522 1076 1522 1077 1522 971 1523 1077 1523 972 1523 972 1524 1077 1524 1078 1524 972 1525 1078 1525 973 1525 973 1526 1078 1526 1079 1526 973 1527 1079 1527 974 1527 974 1528 1079 1528 975 1528 975 1529 1079 1529 1080 1529 975 1530 1080 1530 976 1530 976 1531 1080 1531 1081 1531 976 1532 1081 1532 977 1532 977 1533 1081 1533 1082 1533 977 1534 1082 1534 978 1534 978 1535 1082 1535 1083 1535 978 1536 1083 1536 979 1536 979 1537 1083 1537 1084 1537 979 1538 1084 1538 980 1538 980 1539 1084 1539 1085 1539 980 1540 1085 1540 981 1540 981 1541 1085 1541 1086 1541 981 1542 1086 1542 982 1542 982 1543 1086 1543 1087 1543 982 1544 1087 1544 983 1544 983 1545 1087 1545 1088 1545 983 1546 1088 1546 984 1547 984 1548 1088 1548 1089 1548 984 1549 1089 1549 985 1549 985 1550 1089 1550 1090 1550 985 1551 1090 1551 986 1551 986 1552 1090 1552 1091 1552 986 1553 1091 1553 987 1553 987 1554 1091 1554 1092 1554 987 1555 1092 1555 988 1555 988 1556 1092 1556 1093 1556 988 1557 1093 1557 989 1557 989 1558 1093 1558 1094 1558 989 1559 1094 1559 990 1559 990 1560 1094 1560 1095 1560 990 1561 1095 1561 991 1561 991 1562 1095 1562 1096 1562 991 1563 1096 1563 992 1563 992 1564 1096 1564 1097 1564 992 1565 1097 1565 993 1565 993 1566 1097 1566 1098 1566 993 1567 1098 1567 994 1567 994 1568 1098 1568 1099 1568 994 1569 1099 1569 995 1569 995 1570 1099 1570 1100 1570 995 1571 1100 1571 996 1571 996 1572 1100 1572 1101 1572 996 1573 1101 1573 997 1573 997 1574 1101 1574 1102 1574 997 1575 1102 1575 998 1575 998 1576 1102 1576 1103 1576 998 1577 1103 1577 999 1577 999 1578 1103 1578 1104 1578 999 1579 1104 1579 1000 1579 1000 1580 1104 1580 1105 1580 1000 1581 1105 1581 1001 1581 1001 1582 1105 1582 1106 1582 1001 1583 1106 1583 1002 1583 1002 1584 1106 1584 1107 1584 1002 1585 1107 1585 1003 1585 1003 1586 1107 1586 1108 1586 1003 1587 1108 1587 1004 1587 1004 1588 1108 1588 1109 1588 1004 1589 1109 1589 1005 1589 1005 1590 1109 1590 1110 1590 1005 1591 1110 1591 1006 1591 1006 1592 1110 1592 1111 1592 1006 1593 1111 1593 1007 1593 1007 1594 1111 1594 1112 1594 1007 1595 1112 1595 1008 1595 1008 1596 1112 1596 1113 1596 1008 1597 1113 1597 1009 1597 1009 1598 1113 1598 1114 1598 1009 1599 1114 1599 1010 1599 1010 1600 1114 1600 1115 1600 1010 1601 1115 1601 1011 1601 1011 1602 1115 1602 1116 1602 1011 1603 1116 1603 1012 1603 1012 1604 1116 1604 1117 1604 1012 1605 1117 1605 1013 1605 1013 1606 1117 1606 1118 1606 1013 1607 1118 1607 1014 1607 1014 1608 1118 1608 1119 1608 1014 1609 1119 1609 1015 1609 1015 1610 1119 1610 1120 1610 1015 1611 1120 1611 1016 1611 1016 1612 1120 1612 1121 1612 1016 1613 1121 1613 1017 1613 1017 1614 1121 1614 1122 1614 1017 1615 1122 1615 1018 1615 1018 1616 1122 1616 1123 1616 1018 1617 1123 1617 1019 1617 1019 1618 1123 1618 1124 1618 1019 1619 1124 1619 1020 1619 1020 1620 1124 1620 1125 1620 1020 1621 1125 1621 1021 1621 1021 1622 1125 1622 1126 1622 1021 1623 1126 1623 1022 1623 1022 1624 1126 1624 1127 1624 1022 1625 1127 1625 1023 1625 1023 1626 1127 1626 1128 1626 1023 1627 1128 1627 1024 1627 1024 1628 1128 1628 1129 1628 1024 1629 1129 1629 1025 1629 1025 1630 1129 1630 1027 1630 1078 1631 1028 1631 1079 1631 1079 1632 1028 1632 1027 1632 1079 1633 1027 1633 1080 1633 1080 1634 1027 1634 1129 1634 1080 1635 1129 1635 1081 1635 1081 1636 1129 1636 1128 1636 1081 1637 1128 1637 1082 1637 1082 1638 1128 1638 1127 1638 1082 1639 1127 1639 1083 1639 1083 1640 1127 1640 1126 1640 1083 1641 1126 1641 1084 1641 1084 1642 1126 1642 1125 1642 1084 1643 1125 1643 1085 1643 1085 1644 1125 1644 1124 1644 1085 1645 1124 1645 1086 1645 1086 1646 1124 1646 1123 1646 1086 1647 1123 1647 1087 1647 1087 1648 1123 1648 1122 1648 1087 1649 1122 1649 1088 1649 1088 1650 1122 1650 1121 1650 1088 1651 1121 1651 1089 1651 1089 1652 1121 1652 1120 1652 1089 1653 1120 1653 1090 1653 1090 1654 1120 1654 1119 1654 1090 1655 1119 1655 1091 1655 1091 1656 1119 1656 1118 1656 1091 1657 1118 1657 1092 1657 1092 1658 1118 1658 1117 1658 1092 1659 1117 1659 1093 1659 1093 1660 1117 1660 1116 1660 1093 1661 1116 1661 1094 1661 1094 1662 1116 1662 1115 1662 1094 1663 1115 1663 1095 1663 1095 1664 1115 1664 1114 1664 1095 1665 1114 1665 1096 1665 1096 1666 1114 1666 1113 1666 1096 1667 1113 1667 1097 1667 1097 1668 1113 1668 1112 1668 1097 1669 1112 1669 1098 1669 1098 1670 1112 1670 1111 1670 1098 1671 1111 1671 1099 1671 1099 1672 1111 1672 1110 1672 1099 1673 1110 1673 1100 1673 1100 1674 1110 1674 1109 1674 1100 1675 1109 1675 1101 1675 1101 1676 1109 1676 1108 1676 1101 1677 1108 1677 1102 1677 1102 1678 1108 1678 1107 1678 1102 1679 1107 1679 1103 1679 1103 1680 1107 1680 1106 1680 1103 1681 1106 1681 1104 1681 1104 1682 1106 1682 1105 1682 1028 1683 1078 1683 1029 1683 1029 1684 1078 1684 1077 1684 1029 1685 1077 1685 1030 1685 1030 1686 1077 1686 1076 1686 1030 1687 1076 1687 1031 1687 1031 1688 1076 1688 1075 1688 1031 1689 1075 1689 1032 1689 1032 1690 1075 1690 1074 1690 1032 1691 1074 1691 1033 1691 1033 1692 1074 1692 1034 1692 1034 1693 1074 1693 1035 1693 1035 1694 1074 1694 1036 1694 1036 1695 1074 1695 1037 1695 1037 1696 1074 1696 1038 1696 1038 1697 1074 1697 1039 1697 1039 1698 1074 1698 1040 1698 1040 1699 1074 1699 1041 1699 1041 1700 1074 1700 1042 1700 1042 1701 1074 1701 1043 1701 1043 1702 1074 1702 1044 1702 1044 1703 1074 1703 1045 1703 1045 1704 1074 1704 1046 1704 1046 1705 1074 1705 1047 1705 1047 1706 1074 1706 1048 1706 1048 1707 1074 1707 1049 1707 1049 1708 1074 1708 1050 1708 1050 1709 1074 1709 1051 1709 1051 1710 1074 1710 1052 1710 1052 1711 1074 1711 1053 1711 1053 1712 1074 1712 1054 1712 1054 1713 1074 1713 1055 1713 1055 1714 1074 1714 1056 1714 1056 1715 1074 1715 1057 1715 1057 1716 1074 1716 1058 1716 1058 1717 1074 1717 1059 1717 1059 1718 1074 1718 1060 1718 1060 1719 1074 1719 1061 1719 1061 1720 1074 1720 1062 1720 1062 1721 1074 1721 1063 1721 1063 1722 1074 1722 1064 1722 1064 1723 1074 1723 1065 1723 1065 1724 1074 1724 1066 1724 1066 1725 1074 1725 1067 1725 1067 1726 1074 1726 1068 1726 1068 1727 1074 1727 1069 1727 1069 1728 1074 1728 1070 1728 1070 1729 1074 1729 1071 1729 1071 1730 1074 1731 1072 1732 1072 1733 1074 1734 1073 1735 1026 1736 1130 1736 917 1736 917 1737 1130 1737 918 1737 920 1738 1131 1738 922 1738 922 1739 1131 1740 1130 1741 922 1742 1130 1743 923 1744 923 1745 1130 1745 1026 1745 712 1746 1131 1746 710 1746 710 1747 1131 1747 920 1747 868 1748 430 1748 866 1748 866 1749 430 1749 429 1749 866 1749 429 1749 428 1749 870 1750 432 1750 868 1750 868 1749 432 1749 431 1749 868 1751 431 1751 430 1751 872 1752 434 1752 870 1752 870 1753 434 1753 433 1753 870 1754 433 1754 432 1754 874 1755 436 1755 872 1755 872 1756 436 1756 435 1756 872 1757 435 1757 434 1757 436 1749 874 1749 437 1749 437 1758 874 1758 876 1758 437 1749 876 1749 401 1749 401 1749 876 1749 402 1749 402 1759 876 1759 878 1759 402 1760 878 1760 403 1760 403 1761 878 1761 880 1761 403 1762 880 1762 504 1762 504 1749 880 1749 503 1749 503 1763 880 1763 882 1763 503 1749 882 1749 502 1749 502 1749 882 1749 884 1749 502 1764 884 1764 501 1764 501 1765 884 1765 500 1765 500 1749 884 1749 886 1749 500 1766 886 1766 499 1766 499 1749 886 1749 888 1749 499 1749 888 1749 498 1749 498 1767 888 1767 497 1767 497 1768 888 1768 890 1768 497 1769 890 1769 496 1769 496 1749 890 1749 495 1749 495 1770 890 1770 892 1770 495 1749 892 1749 494 1749 494 1771 892 1772 493 1773 493 1749 892 1749 894 1749 493 1749 894 1749 492 1749 492 1774 894 1774 491 1774 491 1775 894 1775 896 1775 491 1776 896 1776 490 1776 490 1749 896 1749 489 1749 489 1777 896 1777 898 1777 489 1778 898 1778 488 1778 488 1779 898 1779 900 1779 488 1749 900 1749 487 1749 487 1749 900 1749 486 1749 486 1780 900 1780 902 1780 486 1781 902 1781 485 1781 485 1782 902 1782 904 1782 485 1749 904 1749 484 1749 484 1783 904 1783 906 1783 484 1749 906 1749 350 1749 350 1784 906 1784 908 1784 350 1749 908 1749 349 1749 349 1785 908 1785 910 1785 349 1749 910 1749 348 1749 348 1786 910 1786 912 1786 348 1749 912 1749 347 1749 347 1749 912 1749 914 1749 347 1787 914 1787 916 1787 347 1749 916 1749 346 1749 346 1788 916 1788 714 1788 346 1749 714 1749 345 1749 345 1789 714 1789 713 1789 345 1749 713 1749 344 1749 344 1790 713 1790 715 1790 344 1791 715 1791 717 1791 344 1749 717 1749 343 1749 343 1792 717 1792 719 1792 343 1749 719 1749 342 1749 342 1793 719 1793 721 1793 342 1794 721 1794 723 1794 725 1795 699 1795 723 1795 723 1796 699 1796 700 1796 723 1797 700 1797 342 1797 342 1749 700 1749 341 1749 341 1798 700 1798 701 1798 341 1749 701 1749 340 1749 340 1799 701 1799 702 1799 340 1749 702 1749 339 1749 339 1800 702 1800 703 1800 339 1801 703 1801 704 1801 699 1749 725 1749 698 1749 698 1802 725 1802 727 1802 698 1749 727 1749 697 1749 697 1749 727 1749 729 1749 697 1749 729 1749 696 1749 696 1803 729 1803 731 1803 696 1804 731 1804 695 1804 695 1749 731 1749 694 1749 694 1749 731 1749 733 1749 694 1749 733 1749 693 1749 693 1749 733 1749 692 1749 692 1749 733 1749 735 1749 692 1749 735 1749 691 1749 691 1749 735 1749 690 1749 690 1749 735 1749 737 1749 690 1805 737 1805 689 1805 689 1749 737 1749 688 1749 688 1749 737 1749 739 1749 688 1806 739 1806 687 1806 687 1749 739 1749 686 1749 686 1807 739 1807 741 1807 686 1749 741 1749 685 1749 685 1808 741 1808 684 1808 684 1749 741 1749 743 1749 684 1749 743 1749 683 1749 683 1749 743 1749 745 1749 683 1809 745 1809 682 1809 682 1810 745 1810 747 1810 682 1811 747 1811 681 1811 681 1749 747 1749 749 1749 681 1749 749 1749 680 1749 680 1812 749 1812 751 1812 680 1749 751 1749 679 1749 679 1813 751 1813 331 1813 679 1814 331 1814 332 1814 751 1815 754 1815 331 1815 331 1816 754 1816 330 1816 330 1817 754 1817 756 1817 330 1818 756 1818 329 1818 329 1819 756 1819 758 1819 329 1820 758 1820 326 1820 326 1821 758 1821 760 1821 326 1822 760 1822 762 1822 326 1823 762 1823 327 1823 327 1749 762 1749 764 1749 327 1824 764 1824 328 1824 328 1825 764 1825 766 1825 328 1826 766 1826 768 1826 328 1827 768 1827 400 1827 400 1828 768 1828 770 1828 400 1829 770 1829 399 1829 399 1830 770 1830 772 1830 399 1831 772 1831 398 1831 398 1832 772 1832 774 1832 398 1833 774 1833 624 1833 624 1749 774 1749 623 1749 623 1834 774 1834 776 1834 623 1835 776 1836 622 1837 622 1838 776 1838 778 1838 622 1749 778 1749 621 1749 621 1839 778 1839 780 1839 621 1809 780 1809 620 1809 620 1749 780 1749 782 1749 620 1840 782 1840 619 1840 619 1749 782 1749 784 1749 619 1749 784 1749 618 1749 618 1841 784 1841 617 1841 617 1749 784 1749 786 1749 617 1842 786 1842 616 1842 616 1749 786 1749 615 1749 615 1749 786 1749 788 1749 615 1843 788 1843 614 1843 614 1844 788 1844 613 1844 613 1749 788 1749 790 1749 613 1749 790 1749 612 1749 612 1749 790 1749 611 1749 611 1749 790 1749 792 1749 611 1749 792 1749 610 1749 610 1749 792 1749 609 1749 609 1845 792 1845 794 1845 609 1749 794 1749 608 1749 608 1846 794 1846 641 1846 641 1847 794 1847 796 1847 641 1848 796 1848 640 1848 640 1849 796 1849 798 1849 640 1850 798 1850 639 1850 639 1851 798 1851 800 1851 639 1749 800 1749 638 1749 638 1852 800 1852 802 1852 638 1749 802 1749 637 1749 637 1749 802 1749 387 1749 637 1853 387 1853 388 1853 802 1749 804 1749 387 1749 387 1854 804 1854 806 1854 387 1749 806 1749 386 1749 386 1855 806 1855 808 1855 386 1749 808 1749 385 1749 385 1856 808 1856 810 1856 385 1857 810 1857 812 1857 385 1858 812 1858 384 1858 384 1789 812 1789 814 1789 384 1859 814 1859 383 1859 383 1860 814 1860 816 1860 383 1749 816 1749 382 1749 382 1861 816 1861 818 1861 382 1862 818 1862 820 1862 382 1863 820 1863 381 1863 381 1864 820 1864 822 1864 381 1865 822 1865 380 1865 380 1866 822 1866 824 1866 380 1867 824 1867 379 1867 379 1868 824 1868 826 1868 379 1749 826 1749 547 1749 547 1869 826 1869 828 1869 547 1870 828 1870 546 1870 546 1871 828 1871 830 1871 546 1749 830 1749 545 1749 545 1749 830 1749 832 1749 545 1749 832 1749 544 1749 544 1749 832 1749 543 1749 543 1872 832 1872 834 1872 543 1873 834 1873 542 1873 542 1874 834 1874 836 1874 542 1749 836 1749 541 1749 541 1749 836 1749 540 1749 540 1875 836 1875 838 1875 540 1774 838 1774 573 1774 573 1749 838 1749 572 1749 572 1749 838 1749 840 1749 572 1749 840 1749 571 1749 571 1876 840 1876 570 1876 570 1877 840 1877 842 1877 570 1749 842 1749 569 1749 569 1749 842 1749 568 1749 568 1749 842 1749 844 1749 568 1749 844 1749 567 1749 567 1749 844 1749 566 1749 566 1749 844 1749 846 1749 566 1749 846 1749 565 1749 565 1749 846 1749 848 1749 565 1878 848 1878 564 1878 564 1749 848 1749 563 1749 563 1749 848 1749 850 1749 563 1879 850 1879 562 1879 562 1880 850 1880 852 1880 562 1881 852 1881 561 1881 561 1749 852 1749 419 1749 561 1882 419 1882 418 1882 852 1749 854 1749 419 1749 419 1749 854 1749 420 1749 420 1883 854 1883 856 1883 420 1884 856 1884 421 1884 421 1885 856 1885 858 1885 421 1886 858 1886 422 1886 422 1887 858 1887 423 1887 423 1749 858 1749 860 1749 423 1888 860 1888 424 1888 424 1889 860 1889 862 1889 424 1890 862 1890 425 1890 425 1749 862 1749 426 1749 426 1749 862 1749 864 1749 426 1891 864 1891 427 1891 427 1749 864 1749 428 1749 428 1749 864 1749 866 1749 678 1892 333 1892 677 1892 677 1893 333 1893 334 1893 677 1894 334 1894 676 1894 676 1895 334 1895 709 1895 709 1749 334 1749 335 1749 709 1749 335 1749 708 1749 708 1896 335 1896 336 1896 708 1749 336 1749 707 1749 707 1897 336 1897 337 1897 707 1749 337 1749 706 1749 706 1749 337 1749 705 1749 705 1898 337 1898 338 1898 705 1749 338 1749 704 1749 704 1899 338 1899 339 1899 333 1900 678 1900 332 1900 332 1901 678 1901 679 1901 398 1902 624 1902 397 1902 397 1903 624 1903 625 1903 397 1904 625 1904 396 1904 396 1905 625 1905 626 1905 396 1906 626 1906 395 1906 395 1907 626 1907 627 1907 395 1908 627 1908 628 1908 395 1909 628 1909 394 1909 394 1910 628 1910 629 1910 394 1911 629 1911 393 1911 393 1912 629 1912 630 1912 393 1749 630 1749 392 1749 392 1913 630 1913 631 1913 392 1914 631 1914 632 1914 392 1749 632 1749 391 1749 391 1915 632 1915 633 1915 391 1749 633 1749 390 1749 390 1916 633 1916 634 1916 390 1917 634 1917 635 1917 390 1749 635 1749 389 1749 389 1918 635 1918 636 1918 389 1919 636 1919 388 1919 388 1920 636 1920 637 1920 547 1921 548 1922 379 1923 379 1924 548 1924 378 1924 378 1925 548 1925 549 1925 378 1749 549 1749 377 1749 377 1926 549 1926 550 1926 377 1749 550 1749 376 1749 376 1927 550 1927 551 1927 376 1749 551 1749 375 1749 375 1928 551 1928 552 1928 375 1929 552 1929 553 1929 375 1930 553 1930 374 1930 374 1931 553 1931 554 1931 374 1749 554 1749 373 1749 373 1932 554 1932 555 1932 373 1933 555 1933 556 1933 373 1749 556 1749 372 1749 372 1934 556 1934 557 1934 372 1935 557 1935 371 1935 371 1936 557 1936 558 1936 371 1937 558 1937 370 1937 370 1938 558 1938 559 1938 370 1939 559 1939 560 1939 561 1749 418 1749 560 1749 560 1940 418 1940 417 1940 560 1941 417 1941 369 1941 369 1942 417 1942 416 1942 369 1943 416 1943 368 1943 368 1944 416 1944 415 1944 368 1945 415 1945 367 1945 367 1946 415 1946 414 1946 367 1947 414 1947 366 1947 366 1948 414 1948 413 1948 366 1949 413 1949 412 1949 474 1950 358 1950 473 1950 473 1951 358 1951 359 1951 473 1952 359 1952 472 1952 472 1953 359 1953 505 1953 505 1954 359 1954 360 1954 505 1955 360 1955 404 1955 404 1956 360 1956 405 1956 405 1957 360 1957 361 1957 405 1958 361 1958 406 1958 406 1959 361 1959 407 1959 407 1960 361 1960 362 1960 407 1961 362 1961 408 1961 408 1962 362 1962 363 1962 408 1963 363 1963 409 1963 409 1964 363 1964 364 1964 409 1965 364 1965 410 1965 410 1966 364 1966 411 1966 411 1749 364 1749 365 1749 411 1967 365 1967 412 1967 412 1968 365 1968 366 1968 358 1969 474 1969 357 1969 357 1970 474 1970 475 1970 357 1749 475 1749 356 1749 356 1971 475 1971 476 1971 356 1932 476 1932 477 1932 356 1749 477 1749 355 1749 355 1931 477 1931 478 1931 355 1972 478 1972 354 1972 354 1973 478 1973 479 1973 354 1974 479 1974 480 1974 354 1975 480 1975 353 1975 353 1976 480 1976 481 1976 353 1977 481 1977 352 1977 352 1978 481 1978 482 1978 352 1979 482 1979 351 1979 351 1980 482 1980 483 1980 351 1749 483 1749 350 1749 350 1981 483 1981 484 1981 504 1982 505 1982 403 1982 403 1749 505 1749 404 1749 369 1983 370 1983 560 1983 918 1984 1130 1984 712 1984 712 1984 1130 1984 1131 1984 39 1749 37 1749 41 1749 41 1985 37 1986 43 1987 43 1749 37 1749 35 1749 43 1749 35 1749 45 1749 45 1749 35 1749 33 1749 45 1988 33 1989 47 1990 47 1749 33 1749 31 1749 47 1749 31 1749 49 1749 49 1991 31 1992 29 1993 49 1749 29 1749 51 1749 51 1749 29 1749 27 1749 51 1994 27 1994 53 1994 53 1995 27 1995 25 1995 53 1996 25 1996 55 1996 55 1997 25 1997 23 1997 55 1998 23 1998 57 1998 57 1999 23 1999 21 1999 57 2000 21 2000 59 2000 59 2001 21 2001 19 2001 59 2002 19 2002 61 2002 61 2003 19 2003 17 2003 61 2004 17 2004 63 2004 63 2005 17 2005 15 2005 63 2006 15 2006 65 2006 65 2007 15 2007 13 2007 65 2008 13 2008 67 2008 67 2009 13 2009 11 2009 67 2010 11 2010 69 2010 69 2011 11 2011 9 2011 69 2012 9 2012 71 2012 71 2013 9 2013 7 2013 71 2014 7 2014 73 2014 73 2015 7 2015 5 2015 73 2016 5 2016 75 2016 75 2017 5 2017 3 2017 75 2018 3 2018 77 2018 77 2018 3 2018 1 2018 77 2019 1 2019 79 2019 79 2020 1 2020 81 2020 81 2021 1 2021 83 2021 83 2022 1 2022 85 2022 85 2023 1 2023 87 2023 87 2024 1 2024 89 2024 89 2025 1 2025 91 2025 91 2026 1 2026 93 2026 93 2027 1 2028 95 2029 95 2030 1 2030 97 2030 97 2031 1 2031 99 2031 99 2032 1 2032 101 2032 101 2033 1 2033 103 2033 103 2034 1 2034 105 2034 105 2035 1 2035 107 2035 107 2036 1 2036 109 2036 109 2037 1 2037 111 2037 111 2038 1 2038 113 2038 113 2039 1 2039 115 2039 115 2040 1 2040 117 2040 117 2041 1 2041 119 2041 119 2042 1 2042 121 2042 121 2043 1 2043 123 2043 123 2044 1 2044 125 2044 125 2045 1 2045 127 2045 127 1749 1 1749 129 1749 129 1749 1 1749 131 1749 131 1749 1 1749 133 1749 133 2046 1 2046 135 2046 135 1749 1 1749 137 1749 137 2047 1 2047 139 2047 139 1749 1 1749 141 1749 141 2048 1 2048 143 2048 143 2049 1 2049 145 2049 145 2050 1 2050 147 2050</p>
        </triangles>
      </mesh>
    </geometry>
  </library_geometries>
  <library_visual_scenes>
    <visual_scene id="Scene" name="Scene">
      <node id="node_4b774bc9_ce66_4a9f_b7d7_793610307908_mesh0" name="node_4b774bc9_ce66_4a9f_b7d7_793610307908_mesh0" type="NODE">
        <matrix sid="transform">1 0 0 0 0 1 0 0 0 0 1 0 0 0 0 1</matrix>
        <instance_geometry url="#geometry_07f642db_ce2a_4584_a1c5_17e585589d27-mesh" name="node_4b774bc9_ce66_4a9f_b7d7_793610307908_mesh0">
          <bind_material>
            <technique_common>
              <instance_material symbol="mat_1-material" target="#mat_1-material"/>
            </technique_common>
          </bind_material>
        </instance_geometry>
      </node>
    </visual_scene>
  </library_visual_scenes>
  <scene>
    <instance_visual_scene url="#Scene"/>
  </scene>
</COLLADA>